,count,mean,std,min,5%,25%,50%,75%,95%,max
n_genes_by_counts,4856.0,1493.7300247116968,1060.072778631908,5.0,230.0,522.5,1395.0,2229.0,3364.25,8717.0
total_counts,4856.0,2929.640869140625,2848.26611328125,10.0,239.0,688.7499542236328,2136.0,4308.5003662109375,8546.5,24107.0
pct_counts_mt,4856.0,0.0,0.0,0.0,0.0,0.0,0.0,0.0,0.0,0.0
pct_counts_ribo,4856.0,0.0,0.0,0.0,0.0,0.0,0.0,0.0,0.0,0.0
mean_pct_counts_mt,,0.0,,,,,,,,
mean_pct_counts_ribo,,0.0,,,,,,,,
