,count,mean,std,min,5%,25%,50%,75%,95%,max
n_genes_by_counts,6000.0,1898.4608333333333,1862.758563540548,1.0,361.0,514.75,1281.5,2638.5,5838.200000000001,12233.0
total_counts,6000.0,4284.73486328125,9660.1904296875,1.0,525.9499420166015,742.9999847412109,1644.0,4204.2496337890625,14809.100048828133,178236.0
pct_counts_mt,6000.0,0.0,0.0,0.0,0.0,0.0,0.0,0.0,0.0,0.0
pct_counts_ribo,6000.0,0.0,0.0,0.0,0.0,0.0,0.0,0.0,0.0,0.0
mean_pct_counts_mt,,0.0,,,,,,,,
mean_pct_counts_ribo,,0.0,,,,,,,,
