,count,mean,std,min,5%,25%,50%,75%,95%,max
n_genes_by_counts,53121.0,66.14431204231848,161.59558266330484,1.0,1.0,2.0,3.0,9.0,409.0,2343.0
total_counts,53121.0,65.22774505615234,174.6436767578125,0.9999700784683228,1.0,1.9999979734420776,2.0,6.0,397.0,3341.0
pct_counts_mt,53121.0,0.0,0.0,0.0,0.0,0.0,0.0,0.0,0.0,0.0
pct_counts_ribo,53121.0,0.0,0.0,0.0,0.0,0.0,0.0,0.0,0.0,0.0
mean_pct_counts_mt,,0.0,,,,,,,,
mean_pct_counts_ribo,,0.0,,,,,,,,
