,count,mean,std,min,5%,25%,50%,75%,95%,max
n_genes_by_counts,6000.0,131.50416666666666,99.09967595104011,1.0,50.94999999999999,79.0,108.0,155.0,280.0,1459.0
total_counts,6000.0,130.63417053222656,102.32176971435547,1.0,55.999996185302734,79.0,105.9999885559082,150.0,276.0500000000002,1473.9998779296875
pct_counts_mt,6000.0,0.0,0.0,0.0,0.0,0.0,0.0,0.0,0.0,0.0
pct_counts_ribo,6000.0,0.0,0.0,0.0,0.0,0.0,0.0,0.0,0.0,0.0
mean_pct_counts_mt,,0.0,,,,,,,,
mean_pct_counts_ribo,,0.0,,,,,,,,
