,count,mean,std,min,5%,25%,50%,75%,95%,max
n_genes_by_counts,10725.0,2622.1357575757575,1505.4733357928928,2.0,604.0,1288.0,2531.0,3783.0,4969.0,17167.0
total_counts,10725.0,4181.60595703125,7598.3076171875,3.0,597.2,1438.9998779296875,3371.0,5942.99951171875,9238.400195312493,404952.03125
pct_counts_mt,10725.0,0.0,0.0,0.0,0.0,0.0,0.0,0.0,0.0,0.0
pct_counts_ribo,10725.0,0.0,0.0,0.0,0.0,0.0,0.0,0.0,0.0,0.0
mean_pct_counts_mt,,0.0,,,,,,,,
mean_pct_counts_ribo,,0.0,,,,,,,,
