,count,mean,std,min,5%,25%,50%,75%,95%,max
n_genes_by_counts,100793.0,370.1962834720665,496.9704496994885,4.0,30.0,91.0,174.0,461.0,1298.3999999999942,7354.0
total_counts,100793.0,776.1468505859375,1238.7940673828125,48.0,110.99999237060547,172.0,356.0,887.0,2696.999853515625,32558.998046875
pct_counts_mt,100793.0,0.0,0.0,0.0,0.0,0.0,0.0,0.0,0.0,0.0
pct_counts_ribo,100793.0,0.0,0.0,0.0,0.0,0.0,0.0,0.0,0.0,0.0
mean_pct_counts_mt,,0.0,,,,,,,,
mean_pct_counts_ribo,,0.0,,,,,,,,
