,count,mean,std,min,5%,25%,50%,75%,95%,max
n_genes_by_counts,5998.0,1157.3167722574192,1125.3293447205415,1.0,216.0,282.0,597.5,1812.0,3461.1499999999996,7406.0
total_counts,5998.0,2078.236328125,2674.655029296875,1.0,211.0,280.0,718.9999694824219,3125.7498168945312,7605.749999999998,44844.0
pct_counts_mt,5998.0,0.0,0.0,0.0,0.0,0.0,0.0,0.0,0.0,0.0
pct_counts_ribo,5998.0,0.0,0.0,0.0,0.0,0.0,0.0,0.0,0.0,0.0
mean_pct_counts_mt,,0.0,,,,,,,,
mean_pct_counts_ribo,,0.0,,,,,,,,
