,count,mean,std,min,5%,25%,50%,75%,95%,max
n_genes_by_counts,2387.0,3279.95224130708,2196.3497993575843,3.0,770.0,1542.5,3001.0,4274.0,7513.199999999999,16063.0
total_counts,2387.0,8499.294921875,13270.1142578125,3.0,859.5999816894531,2155.0,5493.0,9547.0,26105.599999999988,299075.96875
pct_counts_mt,2387.0,0.0,0.0,0.0,0.0,0.0,0.0,0.0,0.0,0.0
pct_counts_ribo,2387.0,0.0,0.0,0.0,0.0,0.0,0.0,0.0,0.0,0.0
mean_pct_counts_mt,,0.0,,,,,,,,
mean_pct_counts_ribo,,0.0,,,,,,,,
