,count,mean,std,min,5%,25%,50%,75%,95%,max
n_genes_by_counts,9183.0,113.11205488402483,139.456406349806,0.0,8.0,47.0,85.0,129.5,301.0,2071.0
total_counts,9183.0,638.80908203125,601.21435546875,0.0,20.0,210.44046020507812,473.3233947753906,876.4492797851562,1850.8903076171866,6565.6220703125
pct_counts_mt,9177.0,0.0,0.0,0.0,0.0,0.0,0.0,0.0,0.0,0.0
pct_counts_ribo,9177.0,0.0,0.0,0.0,0.0,0.0,0.0,0.0,0.0,0.0
mean_pct_counts_mt,,0.0,,,,,,,,
mean_pct_counts_ribo,,0.0,,,,,,,,
