,count,mean,std,min,5%,25%,50%,75%,95%,max
n_genes_by_counts,12166.0,679.6715436462272,681.0097123521772,5.0,23.0,147.0,453.0,1009.75,2072.0,5015.0
total_counts,12166.0,808.3064575195312,1000.7249145507812,3.0,17.999996662139893,122.99999237060547,427.99998474121094,1118.0,2867.499755859375,11309.0
pct_counts_mt,12166.0,0.0,0.0,0.0,0.0,0.0,0.0,0.0,0.0,0.0
pct_counts_ribo,12166.0,0.0,0.0,0.0,0.0,0.0,0.0,0.0,0.0,0.0
mean_pct_counts_mt,,0.0,,,,,,,,
mean_pct_counts_ribo,,0.0,,,,,,,,
