,count,mean,std,min,5%,25%,50%,75%,95%,max
n_genes_by_counts,3143.0,1844.660833598473,928.5346549750813,339.0,782.0,1193.0,1554.0,2280.0,3857.2999999999975,5308.0
total_counts,3143.0,1071.1622314453125,120.33824920654297,577.8143310546875,868.016650390625,996.8422546386719,1071.169921875,1154.1055908203125,1263.0373046874995,1413.6243896484375
pct_counts_mt,3143.0,0.0,0.0,0.0,0.0,0.0,0.0,0.0,0.0,0.0
pct_counts_ribo,3143.0,0.0,0.0,0.0,0.0,0.0,0.0,0.0,0.0,0.0
mean_pct_counts_mt,,0.0,,,,,,,,
mean_pct_counts_ribo,,0.0,,,,,,,,
