,count,mean,std,min,5%,25%,50%,75%,95%,max
n_genes_by_counts,616.0,4689.73538961039,1069.3741881389012,2910.0,3597.75,3969.25,4322.5,5141.75,6925.25,9602.0
total_counts,616.0,11966.2421875,6660.220703125,5801.0,7453.25,8371.25,9647.4990234375,12789.0,24382.75,68060.0
pct_counts_mt,616.0,0.0,0.0,0.0,0.0,0.0,0.0,0.0,0.0,0.0
pct_counts_ribo,616.0,0.0,0.0,0.0,0.0,0.0,0.0,0.0,0.0,0.0
mean_pct_counts_mt,,0.0,,,,,,,,
mean_pct_counts_ribo,,0.0,,,,,,,,
