,count,mean,std,min,5%,25%,50%,75%,95%,max
n_genes_by_counts,9347.0,3045.756927356371,1590.5700125668284,204.0,1099.3,1601.0,3028.0,4025.0,5896.0,10803.0
total_counts,9347.0,3027.010498046875,826.552490234375,372.4374084472656,1518.2356079101562,2411.5235595703125,3276.408935546875,3692.1837158203125,4075.6474609374986,4872.5693359375
pct_counts_mt,9347.0,0.0,0.0,0.0,0.0,0.0,0.0,0.0,0.0,0.0
pct_counts_ribo,9347.0,0.0,0.0,0.0,0.0,0.0,0.0,0.0,0.0,0.0
mean_pct_counts_mt,,0.0,,,,,,,,
mean_pct_counts_ribo,,0.0,,,,,,,,
