,count,mean,std,min,5%,25%,50%,75%,95%,max
n_genes_by_counts,20182.0,127.09587751461699,130.79032451796067,1.0,16.0,40.0,85.0,171.0,375.0,4523.0
total_counts,20182.0,98.03245544433594,120.26445007324219,2.9999990463256836,12.0,28.0,59.999996185302734,124.99999237060547,310.0,5310.99951171875
pct_counts_mt,20182.0,0.0,0.0,0.0,0.0,0.0,0.0,0.0,0.0,0.0
pct_counts_ribo,20182.0,0.0,0.0,0.0,0.0,0.0,0.0,0.0,0.0,0.0
mean_pct_counts_mt,,0.0,,,,,,,,
mean_pct_counts_ribo,,0.0,,,,,,,,
