,count,mean,std,min,5%,25%,50%,75%,95%,max
n_genes_by_counts,8430.0,1809.7672597864769,1163.2178070127845,1.0,333.0,869.0,1648.0,2539.75,3892.0,11387.0
total_counts,8430.0,3645.7490234375,3542.441162109375,1.0,333.0,1109.2499694824219,2575.5,5158.2496337890625,10226.599560546867,75245.9921875
pct_counts_mt,8430.0,0.0,0.0,0.0,0.0,0.0,0.0,0.0,0.0,0.0
pct_counts_ribo,8430.0,0.0,0.0,0.0,0.0,0.0,0.0,0.0,0.0,0.0
mean_pct_counts_mt,,0.0,,,,,,,,
mean_pct_counts_ribo,,0.0,,,,,,,,
