,count,mean,std,min,5%,25%,50%,75%,95%,max
n_genes_by_counts,12907.0,3004.9273262570696,1112.193422562823,336.0,1518.0,2286.0,2900.0,3502.5,5021.699999999999,12846.0
total_counts,12907.0,3371.1015625,560.529052734375,144.10498046875,2386.317529296875,3134.0009765625,3450.2412109375,3688.8565673828125,4133.50947265625,6525.5546875
pct_counts_mt,12907.0,0.0,0.0,0.0,0.0,0.0,0.0,0.0,0.0,0.0
pct_counts_ribo,12907.0,0.0,0.0,0.0,0.0,0.0,0.0,0.0,0.0,0.0
mean_pct_counts_mt,,0.0,,,,,,,,
mean_pct_counts_ribo,,0.0,,,,,,,,
