,count,mean,std,min,5%,25%,50%,75%,95%,max
n_genes_by_counts,13000.0,840.7781538461538,904.9141457707002,1.0,211.0,353.0,535.0,930.0,2611.199999999997,7779.0
total_counts,13000.0,1595.2086181640625,3398.526611328125,2.0,334.0,477.0,721.0,1303.2499694824219,5168.299999999996,67450.0
pct_counts_mt,13000.0,0.0,0.0,0.0,0.0,0.0,0.0,0.0,0.0,0.0
pct_counts_ribo,13000.0,0.0,0.0,0.0,0.0,0.0,0.0,0.0,0.0,0.0
mean_pct_counts_mt,,0.0,,,,,,,,
mean_pct_counts_ribo,,0.0,,,,,,,,
