,count,mean,std,min,5%,25%,50%,75%,95%,max
n_genes_by_counts,10998.0,328.24613566102926,234.75862062603798,1.0,89.0,193.0,273.0,392.0,745.0,3049.0
total_counts,10998.0,361.1527404785156,285.8116455078125,2.0,128.0,209.0,281.0,412.0,853.2999481201165,4738.0
pct_counts_mt,10998.0,0.0,0.0,0.0,0.0,0.0,0.0,0.0,0.0,0.0
pct_counts_ribo,10998.0,0.0,0.0,0.0,0.0,0.0,0.0,0.0,0.0,0.0
mean_pct_counts_mt,,0.0,,,,,,,,
mean_pct_counts_ribo,,0.0,,,,,,,,
