,count,mean,std,min,5%,25%,50%,75%,95%,max
n_genes_by_counts,12999.0,235.42757135164243,305.16706943006665,1.0,29.0,83.0,162.0,277.0,688.0,7777.0
total_counts,12999.0,747.0712890625,1061.0885009765625,1.0,196.0,308.0,445.0,781.0,2365.399999999994,47083.0
pct_counts_mt,12999.0,0.0,0.0,0.0,0.0,0.0,0.0,0.0,0.0,0.0
pct_counts_ribo,12999.0,0.0,0.0,0.0,0.0,0.0,0.0,0.0,0.0,0.0
mean_pct_counts_mt,,0.0,,,,,,,,
mean_pct_counts_ribo,,0.0,,,,,,,,
