,count,mean,std,min,5%,25%,50%,75%,95%,max
n_genes_by_counts,18993.0,1860.8045069236034,1030.3809792303214,2.0,789.0,1096.0,1588.0,2316.0,3949.1999999999935,10175.0
total_counts,18993.0,2771.7861328125,2474.010498046875,2.0,844.0,1263.0,2014.0,3320.0,7343.399999999987,53976.0
pct_counts_mt,18993.0,0.0,0.0,0.0,0.0,0.0,0.0,0.0,0.0,0.0
pct_counts_ribo,18993.0,0.0,0.0,0.0,0.0,0.0,0.0,0.0,0.0,0.0
mean_pct_counts_mt,,0.0,,,,,,,,
mean_pct_counts_ribo,,0.0,,,,,,,,
