,count,mean,std,min,5%,25%,50%,75%,95%,max
n_genes_by_counts,5493.0,888.3471691243401,529.1786271888759,300.0,385.0,490.0,646.0,1221.0,1959.3999999999996,3449.0
total_counts,5493.0,728.5394287109375,98.60179138183594,351.58367919921875,574.116552734375,660.2661743164062,722.2717895507812,792.8121948242188,898.4408935546872,1160.534912109375
pct_counts_mt,5493.0,0.0,0.0,0.0,0.0,0.0,0.0,0.0,0.0,0.0
pct_counts_ribo,5493.0,0.0,0.0,0.0,0.0,0.0,0.0,0.0,0.0,0.0
mean_pct_counts_mt,,0.0,,,,,,,,
mean_pct_counts_ribo,,0.0,,,,,,,,
