,count,mean,std,min,5%,25%,50%,75%,95%,max
n_genes_by_counts,223.0,2017.6726457399104,592.1639545879492,1297.0,1446.7,1649.0,1849.0,2167.5,3161.6999999999994,6291.0
total_counts,223.0,2758.300537109375,1279.213623046875,1531.0,1785.9998901367187,2087.0,2388.0,2983.9998779296875,4869.099999999998,15023.0
pct_counts_mt,223.0,0.0,0.0,0.0,0.0,0.0,0.0,0.0,0.0,0.0
pct_counts_ribo,223.0,0.0,0.0,0.0,0.0,0.0,0.0,0.0,0.0,0.0
mean_pct_counts_mt,,0.0,,,,,,,,
mean_pct_counts_ribo,,0.0,,,,,,,,
