,count,mean,std,min,5%,25%,50%,75%,95%,max
n_genes_by_counts,20043.0,546.9322955645363,538.5070913114602,3.0,19.0,139.0,370.0,805.5,1640.0,3947.0
total_counts,20043.0,644.7425537109375,767.9777221679688,6.0,17.0,130.0,364.9999694824219,892.0,2175.9999755859376,7989.0
pct_counts_mt,20043.0,0.0,0.0,0.0,0.0,0.0,0.0,0.0,0.0,0.0
pct_counts_ribo,20043.0,0.0,0.0,0.0,0.0,0.0,0.0,0.0,0.0,0.0
mean_pct_counts_mt,,0.0,,,,,,,,
mean_pct_counts_ribo,,0.0,,,,,,,,
