,count,mean,std,min,5%,25%,50%,75%,95%,max
n_genes_by_counts,100891.0,526.8620392304566,876.0418379172231,2.0,31.0,97.0,180.0,550.0,2197.5,15627.0
total_counts,100891.0,940.43505859375,2479.658203125,23.0,78.0,121.99999237060547,241.0,786.0,3899.0,171288.984375
pct_counts_mt,100891.0,0.0,0.0,0.0,0.0,0.0,0.0,0.0,0.0,0.0
pct_counts_ribo,100891.0,0.0,0.0,0.0,0.0,0.0,0.0,0.0,0.0,0.0
mean_pct_counts_mt,,0.0,,,,,,,,
mean_pct_counts_ribo,,0.0,,,,,,,,
