,count,mean,std,min,5%,25%,50%,75%,95%,max
n_genes_by_counts,15462.0,952.2892251972578,534.5959164698838,0.0,53.0,638.0,927.0,1279.0,1858.949999999999,4949.0
total_counts,15462.0,2456.40771484375,1893.9091796875,0.0,301.56705169677736,1144.6818237304688,1978.3898315429688,3398.53564453125,5973.332104492188,24735.32421875
pct_counts_mt,15457.0,0.0,0.0,0.0,0.0,0.0,0.0,0.0,0.0,0.0
pct_counts_ribo,15457.0,0.0,0.0,0.0,0.0,0.0,0.0,0.0,0.0,0.0
mean_pct_counts_mt,,0.0,,,,,,,,
mean_pct_counts_ribo,,0.0,,,,,,,,
