,count,mean,std,min,5%,25%,50%,75%,95%,max
n_genes_by_counts,100932.0,488.57251416795464,887.3431775901325,2.0,13.0,80.0,158.0,482.0,2143.0,15346.0
total_counts,100932.0,1028.9766845703125,2673.584228515625,39.0,82.0,140.0,285.0,831.0,4253.0,170220.0
pct_counts_mt,100932.0,0.0,0.0,0.0,0.0,0.0,0.0,0.0,0.0,0.0
pct_counts_ribo,100932.0,0.0,0.0,0.0,0.0,0.0,0.0,0.0,0.0,0.0
mean_pct_counts_mt,,0.0,,,,,,,,
mean_pct_counts_ribo,,0.0,,,,,,,,
