,count,mean,std,min,5%,25%,50%,75%,95%,max
n_genes_by_counts,7325.0,1046.223481228669,965.5716115460583,0.0,43.0,371.0,716.0,1498.0,3076.199999999997,6003.0
total_counts,7325.0,2885.554931640625,3913.510986328125,0.0,232.2333740234375,685.790283203125,1299.2613525390625,3358.9072265625,11186.300390624969,54533.3515625
pct_counts_mt,7323.0,0.0,0.0,0.0,0.0,0.0,0.0,0.0,0.0,0.0
pct_counts_ribo,7323.0,0.0,0.0,0.0,0.0,0.0,0.0,0.0,0.0,0.0
mean_pct_counts_mt,,0.0,,,,,,,,
mean_pct_counts_ribo,,0.0,,,,,,,,
