,count,mean,std,min,5%,25%,50%,75%,95%,max
n_genes_by_counts,3994.0,3999.1214321482225,1968.6300074448282,214.0,1672.0,2381.25,3650.5,5265.75,7464.75,13114.0
total_counts,3994.0,3727.68310546875,640.736572265625,235.88919067382812,2803.4911865234376,3329.2947387695312,3830.54345703125,4178.9732666015625,4552.862719726562,5185.97998046875
pct_counts_mt,3994.0,0.0,0.0,0.0,0.0,0.0,0.0,0.0,0.0,0.0
pct_counts_ribo,3994.0,0.0,0.0,0.0,0.0,0.0,0.0,0.0,0.0,0.0
mean_pct_counts_mt,,0.0,,,,,,,,
mean_pct_counts_ribo,,0.0,,,,,,,,
