,count,mean,std,min,5%,25%,50%,75%,95%,max
n_genes_by_counts,2246.0,1784.3143365983972,934.5876424952547,302.0,678.0,1096.25,1529.0,2292.5,3683.75,5585.0
total_counts,2246.0,1068.107666015625,134.2576904296875,389.2891845703125,835.5899963378906,984.0706329345703,1065.9703979492188,1164.9610900878906,1276.9276733398438,1413.73583984375
pct_counts_mt,2246.0,0.0,0.0,0.0,0.0,0.0,0.0,0.0,0.0,0.0
pct_counts_ribo,2246.0,0.0,0.0,0.0,0.0,0.0,0.0,0.0,0.0,0.0
mean_pct_counts_mt,,0.0,,,,,,,,
mean_pct_counts_ribo,,0.0,,,,,,,,
