,count,mean,std,min,5%,25%,50%,75%,95%,max
n_genes_by_counts,12999.0,503.85637356719747,345.41734323874516,1.0,170.0,281.0,405.0,628.0,1145.0,4509.0
total_counts,12999.0,567.235107421875,469.7042236328125,2.0,226.0,312.0,439.0,671.0,1295.0999999999985,13182.0
pct_counts_mt,12999.0,0.0,0.0,0.0,0.0,0.0,0.0,0.0,0.0,0.0
pct_counts_ribo,12999.0,0.0,0.0,0.0,0.0,0.0,0.0,0.0,0.0,0.0
mean_pct_counts_mt,,0.0,,,,,,,,
mean_pct_counts_ribo,,0.0,,,,,,,,
