,count,mean,std,min,5%,25%,50%,75%,95%,max
n_genes_by_counts,6000.0,185.53066666666666,172.57444205104773,1.0,52.0,91.0,135.0,221.0,484.0500000000002,3231.0
total_counts,6000.0,194.09832763671875,209.73121643066406,1.0,62.0,94.0,136.0,221.99998474121094,510.9999710083008,5910.0
pct_counts_mt,6000.0,0.0,0.0,0.0,0.0,0.0,0.0,0.0,0.0,0.0
pct_counts_ribo,6000.0,0.0,0.0,0.0,0.0,0.0,0.0,0.0,0.0,0.0
mean_pct_counts_mt,,0.0,,,,,,,,
mean_pct_counts_ribo,,0.0,,,,,,,,
