,count,mean,std,min,5%,25%,50%,75%,95%,max
n_genes_by_counts,5999.0,911.2565427571262,329.5473382983229,2.0,509.0,661.0,854.0,1092.0,1497.0999999999995,4552.0
total_counts,5999.0,993.1541748046875,456.60943603515625,2.0,490.0,657.9999694824219,901.0,1206.0,1800.2999999999984,8005.0
pct_counts_mt,5999.0,0.0,0.0,0.0,0.0,0.0,0.0,0.0,0.0,0.0
pct_counts_ribo,5999.0,0.0,0.0,0.0,0.0,0.0,0.0,0.0,0.0,0.0
mean_pct_counts_mt,,0.0,,,,,,,,
mean_pct_counts_ribo,,0.0,,,,,,,,
