,count,mean,std,min,5%,25%,50%,75%,95%,max
n_genes_by_counts,25362.0,455.9075388376311,606.2653771984261,4.0,24.0,87.0,234.0,571.0,1655.7999999999884,8189.0
total_counts,25362.0,527.3275146484375,969.2550659179688,7.0,20.0,71.0,205.99999237060547,559.0,2108.9497680664035,26946.0
pct_counts_mt,25362.0,0.0,0.0,0.0,0.0,0.0,0.0,0.0,0.0,0.0
pct_counts_ribo,25362.0,0.0,0.0,0.0,0.0,0.0,0.0,0.0,0.0,0.0
mean_pct_counts_mt,,0.0,,,,,,,,
mean_pct_counts_ribo,,0.0,,,,,,,,
