,count,mean,std,min,5%,25%,50%,75%,95%,max
n_genes_by_counts,6493.0,2948.850916371477,2242.1181677055943,1.0,361.0,1121.0,2758.0,3872.0,7530.799999999999,14402.0
total_counts,6493.0,7535.40869140625,12222.521484375,3.0,420.0,1469.9998779296875,4775.00048828125,8054.0,26426.79999999998,203647.0
pct_counts_mt,6493.0,0.0,0.0,0.0,0.0,0.0,0.0,0.0,0.0,0.0
pct_counts_ribo,6493.0,0.0,0.0,0.0,0.0,0.0,0.0,0.0,0.0,0.0
mean_pct_counts_mt,,0.0,,,,,,,,
mean_pct_counts_ribo,,0.0,,,,,,,,
