,count,mean,std,min,5%,25%,50%,75%,95%,max
n_genes_by_counts,5097.0,727.6951147733961,608.9654225271458,1.0,290.0,408.0,553.0,818.0,1716.5999999999995,8434.0
total_counts,5097.0,844.67236328125,1426.81201171875,3.0,277.0,399.0,550.0,844.9999389648438,2082.7999999999993,38193.0
pct_counts_mt,5097.0,0.0,0.0,0.0,0.0,0.0,0.0,0.0,0.0,0.0
pct_counts_ribo,5097.0,0.0,0.0,0.0,0.0,0.0,0.0,0.0,0.0,0.0
mean_pct_counts_mt,,0.0,,,,,,,,
mean_pct_counts_ribo,,0.0,,,,,,,,
