,count,mean,std,min,5%,25%,50%,75%,95%,max
n_genes_by_counts,2716.0,2485.9333578792343,2435.3203882338044,1.0,253.75,453.0,1614.5,3944.5,7141.25,14691.0
total_counts,2716.0,7013.58447265625,12650.908203125,2.0,358.0,573.75,2549.5,8782.25,25222.49951171875,207515.0
pct_counts_mt,2716.0,0.0,0.0,0.0,0.0,0.0,0.0,0.0,0.0,0.0
pct_counts_ribo,2716.0,0.0,0.0,0.0,0.0,0.0,0.0,0.0,0.0,0.0
mean_pct_counts_mt,,0.0,,,,,,,,
mean_pct_counts_ribo,,0.0,,,,,,,,
