,count,mean,std,min,5%,25%,50%,75%,95%,max
n_genes_by_counts,6000.0,534.9053333333334,246.756205208752,1.0,144.5499999999999,411.0,501.0,643.0,953.0,3041.0
total_counts,6000.0,643.7131958007812,286.8319396972656,1.0,365.749998474121,496.0,591.9999694824219,757.0,1129.0498779296877,3516.0
pct_counts_mt,6000.0,0.0,0.0,0.0,0.0,0.0,0.0,0.0,0.0,0.0
pct_counts_ribo,6000.0,0.0,0.0,0.0,0.0,0.0,0.0,0.0,0.0,0.0
mean_pct_counts_mt,,0.0,,,,,,,,
mean_pct_counts_ribo,,0.0,,,,,,,,
