,count,mean,std,min,5%,25%,50%,75%,95%,max
n_genes_by_counts,6000.0,1837.5465,647.1910644341416,2.0,1149.0,1420.0,1689.0,2062.0,3053.1500000000005,7590.0
total_counts,6000.0,2565.606201171875,1520.8504638671875,3.0,1289.95,1711.75,2189.0,2878.9998168945312,5088.250000000001,24654.0
pct_counts_mt,6000.0,0.0,0.0,0.0,0.0,0.0,0.0,0.0,0.0,0.0
pct_counts_ribo,6000.0,0.0,0.0,0.0,0.0,0.0,0.0,0.0,0.0,0.0
mean_pct_counts_mt,,0.0,,,,,,,,
mean_pct_counts_ribo,,0.0,,,,,,,,
