,count,mean,std,min,5%,25%,50%,75%,95%,max
n_genes_by_counts,16000.0,2113.8985,983.4846922837677,2.0,1205.0,1403.75,1816.0,2477.0,4138.0,10258.0
total_counts,16000.0,3357.9140625,2678.129150390625,4.0,1455.0,1756.0,2483.4998779296875,3884.5,8293.050927734374,45377.0
pct_counts_mt,16000.0,0.0,0.0,0.0,0.0,0.0,0.0,0.0,0.0,0.0
pct_counts_ribo,16000.0,0.0,0.0,0.0,0.0,0.0,0.0,0.0,0.0,0.0
mean_pct_counts_mt,,0.0,,,,,,,,
mean_pct_counts_ribo,,0.0,,,,,,,,
