,count,mean,std,min,5%,25%,50%,75%,95%,max
n_genes_by_counts,3569.0,1468.6492014569908,724.4336265387965,301.0,452.4,930.0,1383.0,1879.0,2891.2,4223.0
total_counts,3569.0,890.9482421875,130.17471313476562,143.71075439453125,633.41220703125,816.7059936523438,909.5826416015625,982.4396362304688,1075.113916015625,1220.0196533203125
pct_counts_mt,3569.0,0.0,0.0,0.0,0.0,0.0,0.0,0.0,0.0,0.0
pct_counts_ribo,3569.0,0.0,0.0,0.0,0.0,0.0,0.0,0.0,0.0,0.0
mean_pct_counts_mt,,0.0,,,,,,,,
mean_pct_counts_ribo,,0.0,,,,,,,,
