,count,mean,std,min,5%,25%,50%,75%,95%,max
n_genes_by_counts,3378.0,1728.246891651865,813.4091893722102,47.0,674.85,1078.0,1612.0,2299.75,3193.1499999999996,5078.0
total_counts,3378.0,4914.49560546875,3415.6787109375,248.0492401123047,1331.906072998047,2324.8778076171875,3908.74365234375,6765.1419677734375,11671.007324218745,25067.203125
pct_counts_mt,3378.0,0.0,0.0,0.0,0.0,0.0,0.0,0.0,0.0,0.0
pct_counts_ribo,3378.0,0.0,0.0,0.0,0.0,0.0,0.0,0.0,0.0,0.0
mean_pct_counts_mt,,0.0,,,,,,,,
mean_pct_counts_ribo,,0.0,,,,,,,,
