,count,mean,std,min,5%,25%,50%,75%,95%,max
n_genes_by_counts,11673.0,857.9531397241498,583.5225911717255,215.0,361.0,476.0,656.0,993.0,2134.3999999999996,4464.0
total_counts,11673.0,1915.119384765625,624.8599853515625,757.6541748046875,1186.0469482421875,1432.5775146484375,1762.35009765625,2241.28369140625,3204.0492675781247,4301.47900390625
pct_counts_mt,11673.0,0.0,0.0,0.0,0.0,0.0,0.0,0.0,0.0,0.0
pct_counts_ribo,11673.0,0.001410938915796578,0.013706963509321213,0.0,0.0,0.0,0.0,0.0,0.0,0.27249962091445923
mean_pct_counts_mt,,0.0,,,,,,,,
mean_pct_counts_ribo,,0.001410938915796578,,,,,,,,
