,count,mean,std,min,5%,25%,50%,75%,95%,max
n_genes_by_counts,11236.0,2381.995639017444,1328.6546758951488,2.0,611.0,1238.0,2299.0,3269.25,4644.5,15074.0
total_counts,11236.0,5569.89013671875,5931.0166015625,2.0,762.9999847412109,1941.9999694824219,4418.0,7860.25,13761.0,247186.0
pct_counts_mt,11236.0,0.0,0.0,0.0,0.0,0.0,0.0,0.0,0.0,0.0
pct_counts_ribo,11236.0,0.0,0.0,0.0,0.0,0.0,0.0,0.0,0.0,0.0
mean_pct_counts_mt,,0.0,,,,,,,,
mean_pct_counts_ribo,,0.0,,,,,,,,
