,count,mean,std,min,5%,25%,50%,75%,95%,max
n_genes_by_counts,4227.0,847.9091554293825,701.4146538186249,2.0,333.0,429.0,603.0,961.5,2274.0999999999976,6904.0
total_counts,4227.0,996.098876953125,1158.528076171875,3.0,330.0,427.0,616.0,1047.5,2952.39992675781,15753.9990234375
pct_counts_mt,4227.0,0.0,0.0,0.0,0.0,0.0,0.0,0.0,0.0,0.0
pct_counts_ribo,4227.0,0.0,0.0,0.0,0.0,0.0,0.0,0.0,0.0,0.0
mean_pct_counts_mt,,0.0,,,,,,,,
mean_pct_counts_ribo,,0.0,,,,,,,,
