,count,mean,std,min,5%,25%,50%,75%,95%,max
n_genes_by_counts,37195.0,420.59467670385806,420.3795678367731,5.0,30.0,117.0,285.0,591.0,1258.0,7694.0
total_counts,37195.0,458.6250915527344,599.692626953125,4.0,24.000001907348633,98.0,259.0,599.9999389648438,1542.9998779296875,35021.0
pct_counts_mt,37195.0,0.0,0.0,0.0,0.0,0.0,0.0,0.0,0.0,0.0
pct_counts_ribo,37195.0,0.0,0.0,0.0,0.0,0.0,0.0,0.0,0.0,0.0
mean_pct_counts_mt,,0.0,,,,,,,,
mean_pct_counts_ribo,,0.0,,,,,,,,
