,count,mean,std,min,5%,25%,50%,75%,95%,max
n_genes_by_counts,100749.0,432.2268012585733,684.5676596862895,1.0,33.0,56.0,123.0,565.0,1694.0,12018.0
total_counts,100749.0,611.9157104492188,1441.5556640625,1.0,33.0,53.0,118.0,682.0,2451.5999999999913,85072.0
pct_counts_mt,100749.0,0.0,0.0,0.0,0.0,0.0,0.0,0.0,0.0,0.0
pct_counts_ribo,100749.0,0.0,0.0,0.0,0.0,0.0,0.0,0.0,0.0,0.0
mean_pct_counts_mt,,0.0,,,,,,,,
mean_pct_counts_ribo,,0.0,,,,,,,,
