,count,mean,std,min,5%,25%,50%,75%,95%,max
n_genes_by_counts,3846.0,444.53640145605823,277.0692816626183,111.0,172.0,261.0,380.5,554.0,906.5,4782.0
total_counts,3846.0,712.1976928710938,698.4644165039062,118.33330535888672,228.2384796142578,358.30104064941406,554.2138671875,861.8993530273438,1643.5817565917969,21149.462890625
pct_counts_mt,3846.0,0.0,0.0,0.0,0.0,0.0,0.0,0.0,0.0,0.0
pct_counts_ribo,3846.0,0.0,0.0,0.0,0.0,0.0,0.0,0.0,0.0,0.0
mean_pct_counts_mt,,0.0,,,,,,,,
mean_pct_counts_ribo,,0.0,,,,,,,,
