,count,mean,std,min,5%,25%,50%,75%,95%,max
n_genes_by_counts,5845.0,2630.71120615911,2244.995235834113,2.0,309.0,579.0,2324.0,4101.0,6721.4000000000015,15580.0
total_counts,5845.0,6854.2431640625,10685.1796875,2.0,459.0,793.0,3912.999755859375,9392.0,21704.000000000004,227668.0
pct_counts_mt,5845.0,0.0,0.0,0.0,0.0,0.0,0.0,0.0,0.0,0.0
pct_counts_ribo,5845.0,0.0,0.0,0.0,0.0,0.0,0.0,0.0,0.0,0.0
mean_pct_counts_mt,,0.0,,,,,,,,
mean_pct_counts_ribo,,0.0,,,,,,,,
