,count,mean,std,min,5%,25%,50%,75%,95%,max
n_genes_by_counts,4961.0,698.0443458980044,412.58107127176174,232.0,363.0,439.0,580.0,810.0,1400.0,4399.0
total_counts,4961.0,1769.8499755859375,532.0690307617188,797.5784912109375,1194.3779296875,1365.90869140625,1644.4913330078125,2032.543701171875,2790.2666015625,4614.15380859375
pct_counts_mt,4961.0,0.0,0.0,0.0,0.0,0.0,0.0,0.0,0.0,0.0
pct_counts_ribo,4961.0,0.001462837215512991,0.015244093723595142,0.0,0.0,0.0,0.0,0.0,0.0,0.2801969647407532
mean_pct_counts_mt,,0.0,,,,,,,,
mean_pct_counts_ribo,,0.001462837215512991,,,,,,,,
