,count,mean,std,min,5%,25%,50%,75%,95%,max
n_genes_by_counts,19889.0,3223.220171954347,1393.120066633046,239.0,1600.0,2286.0,2882.0,3812.0,6090.5999999999985,13003.0
total_counts,19889.0,3167.028564453125,545.21826171875,95.23947143554688,2270.409130859375,2889.226318359375,3184.780029296875,3516.282958984375,3972.336083984375,5308.91259765625
pct_counts_mt,19889.0,0.0,0.0,0.0,0.0,0.0,0.0,0.0,0.0,0.0
pct_counts_ribo,19889.0,0.0,0.0,0.0,0.0,0.0,0.0,0.0,0.0,0.0
mean_pct_counts_mt,,0.0,,,,,,,,
mean_pct_counts_ribo,,0.0,,,,,,,,
