,count,mean,std,min,5%,25%,50%,75%,95%,max
n_genes_by_counts,12998.0,3044.491614094476,1783.6839141658675,1.0,575.0,1254.25,3229.0,4336.75,5923.5999999999985,11094.0
total_counts,12998.0,8021.193359375,7015.0185546875,2.0,929.9999298095703,2183.4999389648438,6770.499755859375,11506.749755859375,20609.3,81921.0
pct_counts_mt,12998.0,0.0,0.0,0.0,0.0,0.0,0.0,0.0,0.0,0.0
pct_counts_ribo,12998.0,0.0,0.0,0.0,0.0,0.0,0.0,0.0,0.0,0.0
mean_pct_counts_mt,,0.0,,,,,,,,
mean_pct_counts_ribo,,0.0,,,,,,,,
