,count,mean,std,min,5%,25%,50%,75%,95%,max
n_genes_by_counts,63137.0,54.861681739708885,161.85629577866038,1.0,1.0,2.0,3.0,6.0,356.0,3330.0
total_counts,63137.0,56.64041519165039,197.8499755859375,0.9999600052833557,1.0,1.9999990463256836,2.0,4.0,345.2000244140596,7329.99951171875
pct_counts_mt,63137.0,0.0,0.0,0.0,0.0,0.0,0.0,0.0,0.0,0.0
pct_counts_ribo,63137.0,0.0,0.0,0.0,0.0,0.0,0.0,0.0,0.0,0.0
mean_pct_counts_mt,,0.0,,,,,,,,
mean_pct_counts_ribo,,0.0,,,,,,,,
