,count,mean,std,min,5%,25%,50%,75%,95%,max
n_genes_by_counts,100928.0,130.36382371591628,248.45807654304664,2.0,9.0,26.0,48.0,110.0,583.0,7670.0
total_counts,100928.0,286.2225341796875,549.3803100585938,18.0,38.0,58.0,106.0,274.0,1124.6499633789003,36235.0
pct_counts_mt,100928.0,0.0,0.0,0.0,0.0,0.0,0.0,0.0,0.0,0.0
pct_counts_ribo,100928.0,0.0,0.0,0.0,0.0,0.0,0.0,0.0,0.0,0.0
mean_pct_counts_mt,,0.0,,,,,,,,
mean_pct_counts_ribo,,0.0,,,,,,,,
