,count,mean,std,min,5%,25%,50%,75%,95%,max
n_genes_by_counts,6000.0,233.1615,187.92854299962613,1.0,42.0,130.0,199.0,290.0,507.0,3147.0
total_counts,6000.0,339.7558288574219,305.5984802246094,2.0,162.99998474121094,208.99998474121094,265.0000305175781,369.24999237060547,711.9999450683594,7453.99951171875
pct_counts_mt,6000.0,0.0,0.0,0.0,0.0,0.0,0.0,0.0,0.0,0.0
pct_counts_ribo,6000.0,0.0,0.0,0.0,0.0,0.0,0.0,0.0,0.0,0.0
mean_pct_counts_mt,,0.0,,,,,,,,
mean_pct_counts_ribo,,0.0,,,,,,,,
