,count,mean,std,min,5%,25%,50%,75%,95%,max
n_genes_by_counts,622.0,2266.32154340836,921.8449973725881,1092.0,1347.05,1677.0,1970.5,2547.75,4212.2999999999965,6950.0
total_counts,622.0,2832.987548828125,393.3255615234375,1942.2100830078125,2202.55732421875,2562.5573120117188,2816.864013671875,3059.0667724609375,3574.0121582031247,4123.17138671875
pct_counts_mt,622.0,0.0,0.0,0.0,0.0,0.0,0.0,0.0,0.0,0.0
pct_counts_ribo,622.0,0.0,0.0,0.0,0.0,0.0,0.0,0.0,0.0,0.0
mean_pct_counts_mt,,0.0,,,,,,,,
mean_pct_counts_ribo,,0.0,,,,,,,,
