,count,mean,std,min,5%,25%,50%,75%,95%,max
n_genes_by_counts,16047.0,987.5881473172556,541.0233743594097,0.0,59.0,701.0,954.0,1295.0,1918.699999999999,4084.0
total_counts,16047.0,2612.834228515625,2001.748779296875,0.0,289.93397827148436,1323.5802001953125,2103.688720703125,3527.357666015625,6397.863183593743,23399.591796875
pct_counts_mt,16036.0,0.0,0.0,0.0,0.0,0.0,0.0,0.0,0.0,0.0
pct_counts_ribo,16036.0,0.0,0.0,0.0,0.0,0.0,0.0,0.0,0.0,0.0
mean_pct_counts_mt,,0.0,,,,,,,,
mean_pct_counts_ribo,,0.0,,,,,,,,
