,count,mean,std,min,5%,25%,50%,75%,95%,max
n_genes_by_counts,22676.0,159.44977068266007,162.53191993020567,3.0,18.0,49.0,108.0,220.0,468.0,5285.0
total_counts,22676.0,127.21727752685547,163.66831970214844,3.0,13.000000953674316,34.999996185302734,78.0,167.0,395.00000762939453,9801.0
pct_counts_mt,22676.0,0.0,0.0,0.0,0.0,0.0,0.0,0.0,0.0,0.0
pct_counts_ribo,22676.0,0.0,0.0,0.0,0.0,0.0,0.0,0.0,0.0,0.0
mean_pct_counts_mt,,0.0,,,,,,,,
mean_pct_counts_ribo,,0.0,,,,,,,,
