,count,mean,std,min,5%,25%,50%,75%,95%,max
n_genes_by_counts,7980.0,1849.7058897243107,1107.3371514374705,1.0,283.0,969.75,1779.0,2597.25,3752.0999999999985,8598.0
total_counts,7980.0,3771.859375,3256.014404296875,2.0,285.0,1329.7499084472656,2951.999755859375,5368.5,10041.05,43324.0
pct_counts_mt,7980.0,0.0,0.0,0.0,0.0,0.0,0.0,0.0,0.0,0.0
pct_counts_ribo,7980.0,0.0,0.0,0.0,0.0,0.0,0.0,0.0,0.0,0.0
mean_pct_counts_mt,,0.0,,,,,,,,
mean_pct_counts_ribo,,0.0,,,,,,,,
