,count,mean,std,min,5%,25%,50%,75%,95%,max
n_genes_by_counts,7074.0,1133.928470455188,651.7866183160919,301.0,410.0,619.25,973.5,1471.5,2455.3499999999995,4127.0
total_counts,7074.0,850.9852905273438,137.636962890625,264.952392578125,625.457275390625,751.1660766601562,855.6580200195312,950.3651733398438,1074.8001281738282,1212.4124755859375
pct_counts_mt,7074.0,0.0,0.0,0.0,0.0,0.0,0.0,0.0,0.0,0.0
pct_counts_ribo,7074.0,0.0,0.0,0.0,0.0,0.0,0.0,0.0,0.0,0.0
mean_pct_counts_mt,,0.0,,,,,,,,
mean_pct_counts_ribo,,0.0,,,,,,,,
