,count,mean,std,min,5%,25%,50%,75%,95%,max
n_genes_by_counts,4824.0,1784.4840381426202,1628.532314583133,1.0,192.0,435.0,1312.5,2774.0,4710.0,10621.0
total_counts,4824.0,3939.5322265625,5651.34521484375,2.0,332.0,599.0,1909.5,5436.0,12317.699999999999,68843.0
pct_counts_mt,4824.0,0.0,0.0,0.0,0.0,0.0,0.0,0.0,0.0,0.0
pct_counts_ribo,4824.0,0.0,0.0,0.0,0.0,0.0,0.0,0.0,0.0,0.0
mean_pct_counts_mt,,0.0,,,,,,,,
mean_pct_counts_ribo,,0.0,,,,,,,,
