,count,mean,std,min,5%,25%,50%,75%,95%,max
n_genes_by_counts,620.0,3618.75,1584.9152081048587,969.0,1602.95,2475.0,3362.5,4293.0,7016.999999999999,10218.0
total_counts,620.0,3501.171875,450.8531799316406,1844.724853515625,2652.6708251953123,3263.4734497070312,3558.184814453125,3801.7836303710938,4137.418212890624,4498.32958984375
pct_counts_mt,620.0,0.0,0.0,0.0,0.0,0.0,0.0,0.0,0.0,0.0
pct_counts_ribo,620.0,0.0,0.0,0.0,0.0,0.0,0.0,0.0,0.0,0.0
mean_pct_counts_mt,,0.0,,,,,,,,
mean_pct_counts_ribo,,0.0,,,,,,,,
