,count,mean,std,min,5%,25%,50%,75%,95%,max
n_genes_by_counts,1960.0,2922.6418367346937,1230.2799182164233,565.0,1226.0,1951.25,2762.0,3726.25,5175.0,9534.0
total_counts,1960.0,2979.9443359375,676.3426513671875,779.1250610351562,1735.6083557128907,2583.9642944335938,3112.2698974609375,3476.4718627929688,3885.9380493164062,4500.68603515625
pct_counts_mt,1960.0,0.0,0.0,0.0,0.0,0.0,0.0,0.0,0.0,0.0
pct_counts_ribo,1960.0,0.0,0.0,0.0,0.0,0.0,0.0,0.0,0.0,0.0
mean_pct_counts_mt,,0.0,,,,,,,,
mean_pct_counts_ribo,,0.0,,,,,,,,
