,count,mean,std,min,5%,25%,50%,75%,95%,max
n_genes_by_counts,1456.0,625.0858516483516,359.5607746960591,314.0,354.0,399.75,490.5,714.5,1403.25,3190.0
total_counts,1456.0,1648.9268798828125,509.9947509765625,1065.154296875,1173.7344055175781,1276.0021362304688,1469.9434204101562,1873.5669250488281,2786.4916381835938,4077.126708984375
pct_counts_mt,1456.0,0.0,0.0,0.0,0.0,0.0,0.0,0.0,0.0,0.0
pct_counts_ribo,1456.0,0.0009323149570263922,0.013084636069834232,0.0,0.0,0.0,0.0,0.0,0.0,0.2591433823108673
mean_pct_counts_mt,,0.0,,,,,,,,
mean_pct_counts_ribo,,0.0009323149570263922,,,,,,,,
