,count,mean,std,min,5%,25%,50%,75%,95%,max
n_genes_by_counts,100651.0,271.037982732412,724.0165143030422,1.0,6.0,21.0,55.0,154.0,1466.5,15301.0
total_counts,100651.0,475.94952392578125,2116.590576171875,0.999998927116394,6.0,23.0,59.0,162.0,2234.0,227600.0
pct_counts_mt,100651.0,0.0,0.0,0.0,0.0,0.0,0.0,0.0,0.0,0.0
pct_counts_ribo,100651.0,0.0,0.0,0.0,0.0,0.0,0.0,0.0,0.0,0.0
mean_pct_counts_mt,,0.0,,,,,,,,
mean_pct_counts_ribo,,0.0,,,,,,,,
