,count,mean,std,min,5%,25%,50%,75%,95%,max
n_genes_by_counts,15999.0,1906.427276704794,1292.9049780847479,1.0,482.0,886.0,1583.0,2593.0,4481.0999999999985,9731.0
total_counts,15999.0,2704.819580078125,2739.42236328125,1.0,460.0,902.4999694824219,1827.0,3478.4998779296875,7925.299999999996,36715.0
pct_counts_mt,15999.0,0.0,0.0,0.0,0.0,0.0,0.0,0.0,0.0,0.0
pct_counts_ribo,15999.0,0.0,0.0,0.0,0.0,0.0,0.0,0.0,0.0,0.0
mean_pct_counts_mt,,0.0,,,,,,,,
mean_pct_counts_ribo,,0.0,,,,,,,,
