,count,mean,std,min,5%,25%,50%,75%,95%,max
n_genes_by_counts,2973.0,3732.956945845947,1293.285862640745,1031.0,1811.6,2774.0,3639.0,4570.0,6041.8,9306.0
total_counts,2973.0,3630.414306640625,415.1474609375,1957.9671630859375,2866.45576171875,3374.597412109375,3674.231689453125,3932.7568359375,4244.075781250001,4731.85791015625
pct_counts_mt,2973.0,0.0,0.0,0.0,0.0,0.0,0.0,0.0,0.0,0.0
pct_counts_ribo,2973.0,0.0,0.0,0.0,0.0,0.0,0.0,0.0,0.0,0.0
mean_pct_counts_mt,,0.0,,,,,,,,
mean_pct_counts_ribo,,0.0,,,,,,,,
