,count,mean,std,min,5%,25%,50%,75%,95%,max
n_genes_by_counts,27278.0,635.7239533690154,553.8890301475703,6.0,40.0,210.0,485.0,915.0,1737.1499999999978,7207.0
total_counts,27278.0,696.4789428710938,755.9080810546875,5.999999046325684,31.0,177.0,450.9999542236328,964.0,2192.150207519529,24535.0
pct_counts_mt,27278.0,0.0,0.0,0.0,0.0,0.0,0.0,0.0,0.0,0.0
pct_counts_ribo,27278.0,0.0,0.0,0.0,0.0,0.0,0.0,0.0,0.0,0.0
mean_pct_counts_mt,,0.0,,,,,,,,
mean_pct_counts_ribo,,0.0,,,,,,,,
