,count,mean,std,min,5%,25%,50%,75%,95%,max
n_genes_by_counts,9319.0,1423.7596308616805,720.7519896043906,314.0,508.90000000000003,852.5,1271.0,1891.0,2803.0,4477.0
total_counts,9319.0,909.4404907226562,113.52896881103516,443.31976318359375,704.1413696289062,837.9840698242188,917.8748779296875,989.4090576171875,1077.8740844726562,1282.1068115234375
pct_counts_mt,9319.0,0.0,0.0,0.0,0.0,0.0,0.0,0.0,0.0,0.0
pct_counts_ribo,9319.0,0.0,0.0,0.0,0.0,0.0,0.0,0.0,0.0,0.0
mean_pct_counts_mt,,0.0,,,,,,,,
mean_pct_counts_ribo,,0.0,,,,,,,,
