,count,mean,std,min,5%,25%,50%,75%,95%,max
n_genes_by_counts,4899.0,1401.5754235558277,916.9360016105875,1.0,162.0,619.0,1413.0,2010.5,2967.399999999998,8695.0
total_counts,4899.0,2505.859619140625,2161.9501953125,3.0,155.89998779296874,791.5,2071.0,3590.0,6669.699999999996,16695.0
pct_counts_mt,4899.0,0.0,0.0,0.0,0.0,0.0,0.0,0.0,0.0,0.0
pct_counts_ribo,4899.0,0.0,0.0,0.0,0.0,0.0,0.0,0.0,0.0,0.0
mean_pct_counts_mt,,0.0,,,,,,,,
mean_pct_counts_ribo,,0.0,,,,,,,,
