,count,mean,std,min,5%,25%,50%,75%,95%,max
n_genes_by_counts,2188.0,1997.0086837294332,1163.102580837361,307.0,733.7,1080.0,1577.5,2725.5,4349.25,5795.0
total_counts,2188.0,1063.100830078125,137.84190368652344,524.5774536132812,847.7840515136719,966.3135528564453,1060.1481323242188,1162.0643310546875,1291.3805786132814,1418.51513671875
pct_counts_mt,2188.0,0.0,0.0,0.0,0.0,0.0,0.0,0.0,0.0,0.0
pct_counts_ribo,2188.0,0.0,0.0,0.0,0.0,0.0,0.0,0.0,0.0,0.0
mean_pct_counts_mt,,0.0,,,,,,,,
mean_pct_counts_ribo,,0.0,,,,,,,,
