,count,mean,std,min,5%,25%,50%,75%,95%,max
n_genes_by_counts,5052.0,813.7240696753761,515.6750278808835,297.0,339.0,443.0,668.0,1019.0,1760.3499999999995,4188.0
total_counts,5052.0,747.619873046875,142.8502960205078,361.4709777832031,529.6716827392578,638.0850524902344,737.2667541503906,846.17333984375,996.7959045410156,1208.048828125
pct_counts_mt,5052.0,0.0,0.0,0.0,0.0,0.0,0.0,0.0,0.0,0.0
pct_counts_ribo,5052.0,0.0,0.0,0.0,0.0,0.0,0.0,0.0,0.0,0.0
mean_pct_counts_mt,,0.0,,,,,,,,
mean_pct_counts_ribo,,0.0,,,,,,,,
