,count,mean,std,min,5%,25%,50%,75%,95%,max
n_genes_by_counts,31580.0,440.4034832172261,450.6036141812132,5.0,30.0,117.0,294.0,615.0,1343.0,7797.0
total_counts,31580.0,487.50701904296875,661.9718017578125,4.0,23.000001907348633,94.0,262.0000305175781,635.0,1692.0000061035157,36612.0
pct_counts_mt,31580.0,0.0,0.0,0.0,0.0,0.0,0.0,0.0,0.0,0.0
pct_counts_ribo,31580.0,0.0,0.0,0.0,0.0,0.0,0.0,0.0,0.0,0.0
mean_pct_counts_mt,,0.0,,,,,,,,
mean_pct_counts_ribo,,0.0,,,,,,,,
