,count,mean,std,min,5%,25%,50%,75%,95%,max
n_genes_by_counts,4000.0,2034.55875,1576.2465452273868,1.0,539.0,728.0,1706.0,2824.25,4998.15,13497.0
total_counts,4000.0,3980.357421875,6409.39599609375,2.0,660.0,890.7499389648438,2405.4998779296875,4734.5,12080.749999999996,140352.0
pct_counts_mt,4000.0,0.0,0.0,0.0,0.0,0.0,0.0,0.0,0.0,0.0
pct_counts_ribo,4000.0,0.0,0.0,0.0,0.0,0.0,0.0,0.0,0.0,0.0
mean_pct_counts_mt,,0.0,,,,,,,,
mean_pct_counts_ribo,,0.0,,,,,,,,
