,count,mean,std,min,5%,25%,50%,75%,95%,max
n_genes_by_counts,95817.0,108.44508803239509,275.50482907378773,1.0,6.0,14.0,32.0,80.0,486.0,11579.0
total_counts,95817.0,186.89852905273438,647.2846069335938,0.999998927116394,8.0,21.0,43.000003814697266,117.99999237060547,783.0,49497.0
pct_counts_mt,95817.0,0.0,0.0,0.0,0.0,0.0,0.0,0.0,0.0,0.0
pct_counts_ribo,95817.0,0.0,0.0,0.0,0.0,0.0,0.0,0.0,0.0,0.0
mean_pct_counts_mt,,0.0,,,,,,,,
mean_pct_counts_ribo,,0.0,,,,,,,,
