,count,mean,std,min,5%,25%,50%,75%,95%,max
n_genes_by_counts,12994.0,3011.909111897799,2385.3129161861475,1.0,428.6500000000001,681.0,2724.5,4828.0,7207.3499999999985,13097.0
total_counts,12994.0,9979.5078125,12522.3095703125,2.0,612.0,978.2499847412109,5460.5,14596.7509765625,34533.35136718747,164051.0
pct_counts_mt,12994.0,0.0,0.0,0.0,0.0,0.0,0.0,0.0,0.0,0.0
pct_counts_ribo,12994.0,0.0,0.0,0.0,0.0,0.0,0.0,0.0,0.0,0.0
mean_pct_counts_mt,,0.0,,,,,,,,
mean_pct_counts_ribo,,0.0,,,,,,,,
