,count,mean,std,min,5%,25%,50%,75%,95%,max
n_genes_by_counts,18539.0,3355.8585144829817,1764.0264741628118,471.0,1505.0,2045.5,2821.0,4200.5,6949.299999999996,13476.0
total_counts,18539.0,3438.21337890625,564.89306640625,778.26953125,2591.6240966796877,3030.0360107421875,3411.844482421875,3846.1019287109375,4382.451904296875,5081.62353515625
pct_counts_mt,18539.0,0.0,0.0,0.0,0.0,0.0,0.0,0.0,0.0,0.0
pct_counts_ribo,18539.0,0.0,0.0,0.0,0.0,0.0,0.0,0.0,0.0,0.0
mean_pct_counts_mt,,0.0,,,,,,,,
mean_pct_counts_ribo,,0.0,,,,,,,,
