,count,mean,std,min,5%,25%,50%,75%,95%,max
n_genes_by_counts,6601.0,1356.253446447508,864.8906941783903,1.0,293.0,675.0,1249.0,1831.0,2947.0,8132.0
total_counts,6601.0,2277.209228515625,2079.185791015625,2.0,290.0,831.0,1740.0,3034.999755859375,6178.0,22998.0
pct_counts_mt,6601.0,0.0,0.0,0.0,0.0,0.0,0.0,0.0,0.0,0.0
pct_counts_ribo,6601.0,0.0,0.0,0.0,0.0,0.0,0.0,0.0,0.0,0.0
mean_pct_counts_mt,,0.0,,,,,,,,
mean_pct_counts_ribo,,0.0,,,,,,,,
