,count,mean,std,min,5%,25%,50%,75%,95%,max
n_genes_by_counts,11000.0,1750.1709090909092,989.5468080056621,2.0,504.0,965.75,1628.0,2357.25,3579.0999999999985,7014.0
total_counts,11000.0,3225.352294921875,2622.867431640625,3.0,627.95,1310.0,2531.0,4334.0,8342.349999999995,26774.0
pct_counts_mt,11000.0,0.0,0.0,0.0,0.0,0.0,0.0,0.0,0.0,0.0
pct_counts_ribo,11000.0,0.0,0.0,0.0,0.0,0.0,0.0,0.0,0.0,0.0
mean_pct_counts_mt,,0.0,,,,,,,,
mean_pct_counts_ribo,,0.0,,,,,,,,
