,count,mean,std,min,5%,25%,50%,75%,95%,max
n_genes_by_counts,13000.0,2907.596,1810.1857972385155,1.0,445.0,1002.75,3116.0,4136.25,5828.049999999999,11787.0
total_counts,13000.0,7499.47705078125,6944.3955078125,1.0,791.9499389648438,1866.75,6372.500244140625,10341.0,19760.09814453125,110660.0
pct_counts_mt,13000.0,0.0,0.0,0.0,0.0,0.0,0.0,0.0,0.0,0.0
pct_counts_ribo,13000.0,0.0,0.0,0.0,0.0,0.0,0.0,0.0,0.0,0.0
mean_pct_counts_mt,,0.0,,,,,,,,
mean_pct_counts_ribo,,0.0,,,,,,,,
