,count,mean,std,min,5%,25%,50%,75%,95%,max
n_genes_by_counts,493.0,1534.7809330628804,972.075917880655,305.0,401.2,654.0,1394.0,2119.0,3422.799999999999,4417.0
total_counts,493.0,883.9826049804688,158.57000732421875,478.19512939453125,619.883349609375,757.3533325195312,906.8146362304688,1003.1502685546875,1126.1284912109375,1225.331787109375
pct_counts_mt,493.0,0.0,0.0,0.0,0.0,0.0,0.0,0.0,0.0,0.0
pct_counts_ribo,493.0,0.0,0.0,0.0,0.0,0.0,0.0,0.0,0.0,0.0
mean_pct_counts_mt,,0.0,,,,,,,,
mean_pct_counts_ribo,,0.0,,,,,,,,
