,count,mean,std,min,5%,25%,50%,75%,95%,max
n_genes_by_counts,6967.0,1335.3421845844696,662.2287901179544,307.0,517.3,804.0,1221.0,1717.0,2557.0,5212.0
total_counts,6967.0,929.4525146484375,119.08978271484375,531.7469482421875,727.7946166992188,846.510986328125,939.6807861328125,1013.85009765625,1104.12763671875,1339.5306396484375
pct_counts_mt,6967.0,0.0,0.0,0.0,0.0,0.0,0.0,0.0,0.0,0.0
pct_counts_ribo,6967.0,0.0,0.0,0.0,0.0,0.0,0.0,0.0,0.0,0.0
mean_pct_counts_mt,,0.0,,,,,,,,
mean_pct_counts_ribo,,0.0,,,,,,,,
