,count,mean,std,min,5%,25%,50%,75%,95%,max
n_genes_by_counts,89168.0,251.72962273461332,687.8771018805971,1.0,5.0,22.0,49.0,117.0,1352.0,14286.0
total_counts,89168.0,442.9356689453125,2063.099609375,0.999998927116394,4.0,25.0,53.0,126.99999237060547,2022.0,166740.0
pct_counts_mt,89168.0,0.0,0.0,0.0,0.0,0.0,0.0,0.0,0.0,0.0
pct_counts_ribo,89168.0,0.0,0.0,0.0,0.0,0.0,0.0,0.0,0.0,0.0
mean_pct_counts_mt,,0.0,,,,,,,,
mean_pct_counts_ribo,,0.0,,,,,,,,
