,count,mean,std,min,5%,25%,50%,75%,95%,max
n_genes_by_counts,17996.0,2006.8992553900866,1152.3249308362338,1.0,816.0,1153.0,1727.0,2502.25,4245.75,12335.0
total_counts,17996.0,3357.03173828125,3525.50244140625,2.0,943.9999389648438,1422.7499389648438,2396.0,4010.9998168945312,8816.75,114722.0078125
pct_counts_mt,17996.0,0.0,0.0,0.0,0.0,0.0,0.0,0.0,0.0,0.0
pct_counts_ribo,17996.0,0.0,0.0,0.0,0.0,0.0,0.0,0.0,0.0,0.0
mean_pct_counts_mt,,0.0,,,,,,,,
mean_pct_counts_ribo,,0.0,,,,,,,,
