,count,mean,std,min,5%,25%,50%,75%,95%,max
n_genes_by_counts,8270.0,334.449576783555,327.6975446849437,0.0,20.0,111.0,258.0,443.0,910.0,3370.0
total_counts,8270.0,4716.83642578125,4164.3759765625,0.0,338.4486053466797,1565.60302734375,3745.218994140625,6585.8299560546875,12854.32666015625,37775.9453125
pct_counts_mt,8267.0,0.0,0.0,0.0,0.0,0.0,0.0,0.0,0.0,0.0
pct_counts_ribo,8267.0,0.0,0.0,0.0,0.0,0.0,0.0,0.0,0.0,0.0
mean_pct_counts_mt,,0.0,,,,,,,,
mean_pct_counts_ribo,,0.0,,,,,,,,
