,count,mean,std,min,5%,25%,50%,75%,95%,max
n_genes_by_counts,9045.0,1817.0528468767275,852.626576803341,3.0,706.0,1151.0,1746.0,2337.0,3201.7999999999993,13972.0
total_counts,9045.0,2121.01171875,1998.227783203125,4.0,658.0,1141.9998779296875,1891.0,2733.0,4181.00029296875,102159.0
pct_counts_mt,9045.0,0.0,0.0,0.0,0.0,0.0,0.0,0.0,0.0,0.0
pct_counts_ribo,9045.0,0.0,0.0,0.0,0.0,0.0,0.0,0.0,0.0,0.0
mean_pct_counts_mt,,0.0,,,,,,,,
mean_pct_counts_ribo,,0.0,,,,,,,,
