,count,mean,std,min,5%,25%,50%,75%,95%,max
n_genes_by_counts,32493.0,364.6210260671529,392.08413787327163,5.0,25.0,91.0,232.0,506.0,1142.3999999999978,7407.0
total_counts,32493.0,368.6120910644531,532.2149047851562,4.0,19.0,70.0,194.99998474121094,479.0,1274.0,37911.0
pct_counts_mt,32493.0,0.0,0.0,0.0,0.0,0.0,0.0,0.0,0.0,0.0
pct_counts_ribo,32493.0,0.0,0.0,0.0,0.0,0.0,0.0,0.0,0.0,0.0
mean_pct_counts_mt,,0.0,,,,,,,,
mean_pct_counts_ribo,,0.0,,,,,,,,
