,count,mean,std,min,5%,25%,50%,75%,95%,max
n_genes_by_counts,10920.0,548.0875457875458,556.3206031185464,1.0,44.0,115.75,337.0,873.0,1560.0,7335.0
total_counts,10920.0,677.4769287109375,865.3453369140625,0.9999899864196777,41.0,112.0,335.49998474121094,1017.9999389648438,2186.0499999999993,21365.0
pct_counts_mt,10920.0,0.0,0.0,0.0,0.0,0.0,0.0,0.0,0.0,0.0
pct_counts_ribo,10920.0,0.0,0.0,0.0,0.0,0.0,0.0,0.0,0.0,0.0
mean_pct_counts_mt,,0.0,,,,,,,,
mean_pct_counts_ribo,,0.0,,,,,,,,
