,count,mean,std,min,5%,25%,50%,75%,95%,max
n_genes_by_counts,1526.0,2565.686762778506,982.4253388468092,326.0,1399.75,1873.5,2401.0,2978.75,4474.0,9637.0
total_counts,1526.0,2870.765380859375,655.9696655273438,354.9196472167969,1504.622802734375,2601.1449584960938,3007.224609375,3322.33447265625,3691.044677734375,4735.72509765625
pct_counts_mt,1526.0,0.0,0.0,0.0,0.0,0.0,0.0,0.0,0.0,0.0
pct_counts_ribo,1526.0,0.0,0.0,0.0,0.0,0.0,0.0,0.0,0.0,0.0
mean_pct_counts_mt,,0.0,,,,,,,,
mean_pct_counts_ribo,,0.0,,,,,,,,
