,count,mean,std,min,5%,25%,50%,75%,95%,max
n_genes_by_counts,13000.0,2207.4037692307693,2233.9942832388956,1.0,202.0,296.0,891.5,4082.25,6288.0,10458.0
total_counts,13000.0,7012.51806640625,10241.1904296875,1.0,290.99999847412107,410.0,1322.5,10762.0,27536.19814453125,99740.9921875
pct_counts_mt,13000.0,0.0,0.0,0.0,0.0,0.0,0.0,0.0,0.0,0.0
pct_counts_ribo,13000.0,0.0,0.0,0.0,0.0,0.0,0.0,0.0,0.0,0.0
mean_pct_counts_mt,,0.0,,,,,,,,
mean_pct_counts_ribo,,0.0,,,,,,,,
