,count,mean,std,min,5%,25%,50%,75%,95%,max
n_genes_by_counts,6997.0,1996.75089323996,1446.4709638982201,1.0,795.0,1028.0,1521.0,2412.0,4967.0,13068.0
total_counts,6997.0,3614.31640625,5141.1826171875,2.0,894.0,1216.0,2046.0,3894.0,11259.599999999995,123236.0
pct_counts_mt,6997.0,0.0,0.0,0.0,0.0,0.0,0.0,0.0,0.0,0.0
pct_counts_ribo,6997.0,0.0,0.0,0.0,0.0,0.0,0.0,0.0,0.0,0.0
mean_pct_counts_mt,,0.0,,,,,,,,
mean_pct_counts_ribo,,0.0,,,,,,,,
