,count,mean,std,min,5%,25%,50%,75%,95%,max
n_genes_by_counts,5545.0,2252.5540126239857,970.1298779915693,645.0,1087.2,1491.0,2020.0,2842.0,4140.200000000001,6781.0
total_counts,5545.0,2733.39013671875,488.0172119140625,1180.4029541015625,1928.9034179687499,2377.857666015625,2720.2861328125,3079.9853515625,3548.3050292968755,4400.1083984375
pct_counts_mt,5545.0,0.0,0.0,0.0,0.0,0.0,0.0,0.0,0.0,0.0
pct_counts_ribo,5545.0,0.0,0.0,0.0,0.0,0.0,0.0,0.0,0.0,0.0
mean_pct_counts_mt,,0.0,,,,,,,,
mean_pct_counts_ribo,,0.0,,,,,,,,
