,count,mean,std,min,5%,25%,50%,75%,95%,max
n_genes_by_counts,17602.0,504.93921145324396,636.2344158979225,6.0,17.0,77.0,251.0,673.0,1906.9500000000007,6012.0
total_counts,17602.0,619.4696655273438,979.773681640625,6.999998092651367,14.999999046325684,70.0,234.0,711.9999847412109,2661.9999877929686,17192.0
pct_counts_mt,17602.0,0.0,0.0,0.0,0.0,0.0,0.0,0.0,0.0,0.0
pct_counts_ribo,17602.0,0.0,0.0,0.0,0.0,0.0,0.0,0.0,0.0,0.0
mean_pct_counts_mt,,0.0,,,,,,,,
mean_pct_counts_ribo,,0.0,,,,,,,,
