,count,mean,std,min,5%,25%,50%,75%,95%,max
n_genes_by_counts,7620.0,816.5059055118111,481.4971419107605,294.0,378.0,515.0,703.0,955.0,1685.2499999999964,4475.0
total_counts,7620.0,1917.244140625,538.8487548828125,1004.4893798828125,1227.1598571777345,1512.3229675292969,1842.954833984375,2202.685546875,3010.9974609374985,4660.62353515625
pct_counts_mt,7620.0,0.0,0.0,0.0,0.0,0.0,0.0,0.0,0.0,0.0
pct_counts_ribo,7620.0,0.0024747969582676888,0.018683401867747307,0.0,0.0,0.0,0.0,0.0,0.0,0.28643572330474854
mean_pct_counts_mt,,0.0,,,,,,,,
mean_pct_counts_ribo,,0.0024747969582676888,,,,,,,,
