,count,mean,std,min,5%,25%,50%,75%,95%,max
n_genes_by_counts,19338.0,506.5672768642052,544.6407811027684,5.0,20.0,107.0,314.0,728.0,1628.1499999999978,4623.0
total_counts,19338.0,566.0379638671875,738.7182006835938,5.0,16.999996185302734,89.0,287.0,752.0,2046.1500183105447,8409.0
pct_counts_mt,19338.0,0.0,0.0,0.0,0.0,0.0,0.0,0.0,0.0,0.0
pct_counts_ribo,19338.0,0.0,0.0,0.0,0.0,0.0,0.0,0.0,0.0,0.0
mean_pct_counts_mt,,0.0,,,,,,,,
mean_pct_counts_ribo,,0.0,,,,,,,,
