,count,mean,std,min,5%,25%,50%,75%,95%,max
n_genes_by_counts,6285.0,1067.583293556086,588.6080254683408,271.0,424.0,664.0,939.0,1301.0,2150.7999999999993,4438.0
total_counts,6285.0,2259.618896484375,636.6237182617188,913.7561645507812,1330.764208984375,1793.5318603515625,2199.20654296875,2649.907958984375,3417.3850585937475,4624.6826171875
pct_counts_mt,6285.0,0.0,0.0,0.0,0.0,0.0,0.0,0.0,0.0,0.0
pct_counts_ribo,6285.0,0.0023333593271672726,0.016383474692702293,0.0,0.0,0.0,0.0,0.0,0.0,0.25977253913879395
mean_pct_counts_mt,,0.0,,,,,,,,
mean_pct_counts_ribo,,0.0023333593271672726,,,,,,,,
