,count,mean,std,min,5%,25%,50%,75%,95%,max
n_genes_by_counts,100651.0,271.03990024937656,724.0155460599714,1.0,6.0,21.0,55.0,154.0,1466.0,15304.0
total_counts,100651.0,475.950927734375,2116.625732421875,0.999998927116394,6.0,23.0,59.0,162.0,2234.0,227620.0
pct_counts_mt,100651.0,0.0,0.0,0.0,0.0,0.0,0.0,0.0,0.0,0.0
pct_counts_ribo,100651.0,0.0,0.0,0.0,0.0,0.0,0.0,0.0,0.0,0.0
mean_pct_counts_mt,,0.0,,,,,,,,
mean_pct_counts_ribo,,0.0,,,,,,,,
