,count,mean,std,min,5%,25%,50%,75%,95%,max
n_genes_by_counts,100921.0,421.63790489590866,473.3799511498143,4.0,47.0,107.0,262.0,562.0,1314.0,9930.0
total_counts,100921.0,522.5326538085938,732.343505859375,17.0,47.0,108.0,292.0,666.0,1706.0001220703125,31782.0
pct_counts_mt,100921.0,0.0,0.0,0.0,0.0,0.0,0.0,0.0,0.0,0.0
pct_counts_ribo,100921.0,0.0,0.0,0.0,0.0,0.0,0.0,0.0,0.0,0.0
mean_pct_counts_mt,,0.0,,,,,,,,
mean_pct_counts_ribo,,0.0,,,,,,,,
