,count,mean,std,min,5%,25%,50%,75%,95%,max
n_genes_by_counts,49449.0,51.131428340310215,120.74816325696538,1.0,1.0,2.0,3.0,22.0,290.0,1546.0
total_counts,49449.0,47.335235595703125,123.44894409179688,0.9999719858169556,1.0,1.0,2.0,16.0,266.0,2145.0
pct_counts_mt,49449.0,0.0,0.0,0.0,0.0,0.0,0.0,0.0,0.0,0.0
pct_counts_ribo,49449.0,0.0,0.0,0.0,0.0,0.0,0.0,0.0,0.0,0.0
mean_pct_counts_mt,,0.0,,,,,,,,
mean_pct_counts_ribo,,0.0,,,,,,,,
