,count,mean,std,min,5%,25%,50%,75%,95%,max
n_genes_by_counts,2517.0,3387.4636471990466,1550.3990783138559,900.0,1570.0,2186.0,2979.0,4318.0,6356.999999999997,9037.0
total_counts,2517.0,3371.462158203125,449.64581298828125,1810.4427490234375,2534.337060546875,3102.26025390625,3435.267333984375,3691.796630859375,4018.025195312499,4499.62890625
pct_counts_mt,2517.0,0.0,0.0,0.0,0.0,0.0,0.0,0.0,0.0,0.0
pct_counts_ribo,2517.0,0.0,0.0,0.0,0.0,0.0,0.0,0.0,0.0,0.0
mean_pct_counts_mt,,0.0,,,,,,,,
mean_pct_counts_ribo,,0.0,,,,,,,,
