,count,mean,std,min,5%,25%,50%,75%,95%,max
n_genes_by_counts,6997.0,1743.4553380020009,1407.3478953431336,2.0,795.0,927.0,1207.0,1943.0,4658.0,12994.0
total_counts,6997.0,3056.041748046875,5729.0078125,3.0,839.0,998.9999389648438,1393.0,2747.0,10457.599023437499,127450.0
pct_counts_mt,6997.0,0.0,0.0,0.0,0.0,0.0,0.0,0.0,0.0,0.0
pct_counts_ribo,6997.0,0.0,0.0,0.0,0.0,0.0,0.0,0.0,0.0,0.0
mean_pct_counts_mt,,0.0,,,,,,,,
mean_pct_counts_ribo,,0.0,,,,,,,,
