,count,mean,std,min,5%,25%,50%,75%,95%,max
n_genes_by_counts,12996.0,2315.683441058787,1971.0830049403012,1.0,272.0,513.0,1838.0,3635.0,6077.0,12241.0
total_counts,12996.0,5983.0693359375,8423.8486328125,3.0,405.0,716.0,2670.5,8011.5,22257.75,112373.0078125
pct_counts_mt,12996.0,0.0,0.0,0.0,0.0,0.0,0.0,0.0,0.0,0.0
pct_counts_ribo,12996.0,0.0,0.0,0.0,0.0,0.0,0.0,0.0,0.0,0.0
mean_pct_counts_mt,,0.0,,,,,,,,
mean_pct_counts_ribo,,0.0,,,,,,,,
