,count,mean,std,min,5%,25%,50%,75%,95%,max
n_genes_by_counts,5999.0,1358.9593265544258,545.3009487621065,2.0,756.0,970.0,1249.0,1603.0,2346.199999999999,8660.0
total_counts,5999.0,1696.2298583984375,1170.947509765625,2.0,773.0,1045.4999389648438,1443.0,2017.0,3399.1999755859365,47684.0
pct_counts_mt,5999.0,0.0,0.0,0.0,0.0,0.0,0.0,0.0,0.0,0.0
pct_counts_ribo,5999.0,0.0,0.0,0.0,0.0,0.0,0.0,0.0,0.0,0.0
mean_pct_counts_mt,,0.0,,,,,,,,
mean_pct_counts_ribo,,0.0,,,,,,,,
