,count,mean,std,min,5%,25%,50%,75%,95%,max
n_genes_by_counts,5987.0,195.70035075997995,757.5487822172914,1.0,2.0,10.0,14.0,19.0,1379.0999999999995,6253.0
total_counts,5987.0,383.9640808105469,1747.6126708984375,0.999998927116394,3.0,19.0,22.0,30.0,1816.0,20890.001953125
pct_counts_mt,5987.0,0.0,0.0,0.0,0.0,0.0,0.0,0.0,0.0,0.0
pct_counts_ribo,5987.0,0.0,0.0,0.0,0.0,0.0,0.0,0.0,0.0,0.0
mean_pct_counts_mt,,0.0,,,,,,,,
mean_pct_counts_ribo,,0.0,,,,,,,,
