,count,mean,std,min,5%,25%,50%,75%,95%,max
n_genes_by_counts,13000.0,1939.1237692307693,1235.7511009235432,1.0,391.0,939.0,1705.0,2728.0,4265.0999999999985,7190.0
total_counts,13000.0,4174.5859375,4144.673828125,3.0,576.0,1285.0,2722.5,5622.0,12548.400878906245,41358.0
pct_counts_mt,13000.0,0.0,0.0,0.0,0.0,0.0,0.0,0.0,0.0,0.0
pct_counts_ribo,13000.0,0.0,0.0,0.0,0.0,0.0,0.0,0.0,0.0,0.0
mean_pct_counts_mt,,0.0,,,,,,,,
mean_pct_counts_ribo,,0.0,,,,,,,,
