,count,mean,std,min,5%,25%,50%,75%,95%,max
n_genes_by_counts,10999.0,500.536139649059,742.864303902164,1.0,33.0,75.0,291.0,541.0,1871.1000000000004,7936.0
total_counts,10999.0,1424.5384521484375,2430.626220703125,1.0,274.0,451.99998474121094,688.0,1353.4999389648438,4978.500000000002,46217.99609375
pct_counts_mt,10999.0,0.0,0.0,0.0,0.0,0.0,0.0,0.0,0.0,0.0
pct_counts_ribo,10999.0,0.0,0.0,0.0,0.0,0.0,0.0,0.0,0.0,0.0
mean_pct_counts_mt,,0.0,,,,,,,,
mean_pct_counts_ribo,,0.0,,,,,,,,
