,count,mean,std,min,5%,25%,50%,75%,95%,max
n_genes_by_counts,10999.0,3716.9551777434312,2269.4313864237606,2.0,940.0,1911.0,3540.0,4795.0,8014.4000000000015,16784.0
total_counts,10999.0,10426.763671875,16115.7197265625,2.9999992847442627,1249.0,2945.9998779296875,6953.0,11752.49951171875,29707.898046875016,377732.0
pct_counts_mt,10999.0,0.0,0.0,0.0,0.0,0.0,0.0,0.0,0.0,0.0
pct_counts_ribo,10999.0,0.0,0.0,0.0,0.0,0.0,0.0,0.0,0.0,0.0
mean_pct_counts_mt,,0.0,,,,,,,,
mean_pct_counts_ribo,,0.0,,,,,,,,
