,count,mean,std,min,5%,25%,50%,75%,95%,max
n_genes_by_counts,8427.0,1369.2209564495076,748.0941523218073,299.0,437.0,776.0,1199.0,1846.0,2810.7,4801.0
total_counts,8427.0,908.4408569335938,132.04112243652344,407.08087158203125,661.7052673339844,826.7478942871094,923.7738647460938,1004.4671325683594,1095.4379272460938,1338.8287353515625
pct_counts_mt,8427.0,0.0,0.0,0.0,0.0,0.0,0.0,0.0,0.0,0.0
pct_counts_ribo,8427.0,0.0,0.0,0.0,0.0,0.0,0.0,0.0,0.0,0.0
mean_pct_counts_mt,,0.0,,,,,,,,
mean_pct_counts_ribo,,0.0,,,,,,,,
