,count,mean,std,min,5%,25%,50%,75%,95%,max
n_genes_by_counts,5996.0,1225.8253835890594,1454.5993549538982,1.0,80.75,152.0,284.0,2531.5,3746.5,11393.0
total_counts,5996.0,2597.55859375,4353.81787109375,1.0,122.99999809265137,173.99998474121094,356.00001525878906,4766.5,9116.25,105730.0
pct_counts_mt,5996.0,0.0,0.0,0.0,0.0,0.0,0.0,0.0,0.0,0.0
pct_counts_ribo,5996.0,0.0,0.0,0.0,0.0,0.0,0.0,0.0,0.0,0.0
mean_pct_counts_mt,,0.0,,,,,,,,
mean_pct_counts_ribo,,0.0,,,,,,,,
