,count,mean,std,min,5%,25%,50%,75%,95%,max
n_genes_by_counts,2387.0,3292.255550900712,2203.5810006369084,2.0,773.9000000000001,1561.0,3006.0,4291.5,7535.5999999999985,16103.0
total_counts,2387.0,8564.4716796875,13379.7509765625,3.0,860.5999816894531,2165.0,5512.0,9613.5,26311.4994140625,302555.0
pct_counts_mt,2387.0,0.0,0.0,0.0,0.0,0.0,0.0,0.0,0.0,0.0
pct_counts_ribo,2387.0,0.0,0.0,0.0,0.0,0.0,0.0,0.0,0.0,0.0
mean_pct_counts_mt,,0.0,,,,,,,,
mean_pct_counts_ribo,,0.0,,,,,,,,
