,count,mean,std,min,5%,25%,50%,75%,95%,max
n_genes_by_counts,6017.0,1768.6026258933023,1201.6382592652712,2.0,378.0,845.0,1605.0,2302.0,4054.3999999999996,9577.0
total_counts,6017.0,3319.50830078125,3440.730224609375,2.0,445.0000244140625,1119.0,2561.0,4084.0,9095.999999999996,54016.99609375
pct_counts_mt,6017.0,0.0,0.0,0.0,0.0,0.0,0.0,0.0,0.0,0.0
pct_counts_ribo,6017.0,0.0,0.0,0.0,0.0,0.0,0.0,0.0,0.0,0.0
mean_pct_counts_mt,,0.0,,,,,,,,
mean_pct_counts_ribo,,0.0,,,,,,,,
