,count,mean,std,min,5%,25%,50%,75%,95%,max
n_genes_by_counts,2682.0,1771.9067859806114,912.353772231758,362.0,649.05,1056.25,1599.5,2279.75,3529.749999999999,5535.0
total_counts,2682.0,997.654296875,120.26920318603516,592.0386352539062,801.5618713378906,924.7906341552734,1003.1390991210938,1070.8875427246094,1202.9630065917966,1348.0286865234375
pct_counts_mt,2682.0,0.0,0.0,0.0,0.0,0.0,0.0,0.0,0.0,0.0
pct_counts_ribo,2682.0,0.0,0.0,0.0,0.0,0.0,0.0,0.0,0.0,0.0
mean_pct_counts_mt,,0.0,,,,,,,,
mean_pct_counts_ribo,,0.0,,,,,,,,
