,count,mean,std,min,5%,25%,50%,75%,95%,max
n_genes_by_counts,6636.0,940.8637733574442,596.4757823942526,322.0,406.0,519.0,729.0,1152.0,2184.25,5373.0
total_counts,6636.0,847.6077270507812,136.76708984375,560.9636840820312,657.8757629394531,738.2747039794922,831.1647644042969,943.3632659912109,1088.2105102539062,1365.9200439453125
pct_counts_mt,6636.0,0.0,0.0,0.0,0.0,0.0,0.0,0.0,0.0,0.0
pct_counts_ribo,6636.0,0.0,0.0,0.0,0.0,0.0,0.0,0.0,0.0,0.0
mean_pct_counts_mt,,0.0,,,,,,,,
mean_pct_counts_ribo,,0.0,,,,,,,,
