,count,mean,std,min,5%,25%,50%,75%,95%,max
n_genes_by_counts,6000.0,1115.6983333333333,702.1843552861957,1.0,497.0,680.0,913.0,1328.25,2343.1500000000005,8739.0
total_counts,6000.0,1486.296875,1569.516845703125,3.0,606.0,777.0,1069.9999389648438,1665.0,3521.1500000000005,38282.0
pct_counts_mt,6000.0,0.0,0.0,0.0,0.0,0.0,0.0,0.0,0.0,0.0
pct_counts_ribo,6000.0,0.0,0.0,0.0,0.0,0.0,0.0,0.0,0.0,0.0
mean_pct_counts_mt,,0.0,,,,,,,,
mean_pct_counts_ribo,,0.0,,,,,,,,
