,count,mean,std,min,5%,25%,50%,75%,95%,max
n_genes_by_counts,3763.0,823.0799893701834,471.2102166701306,300.0,391.0,540.0,697.0,893.0,1928.699999999999,4615.0
total_counts,3763.0,776.7041015625,108.20509338378906,365.2979736328125,601.473095703125,700.7494506835938,775.2828369140625,847.6639404296875,957.103985595703,1193.2301025390625
pct_counts_mt,3763.0,0.0,0.0,0.0,0.0,0.0,0.0,0.0,0.0,0.0
pct_counts_ribo,3763.0,0.0,0.0,0.0,0.0,0.0,0.0,0.0,0.0,0.0
mean_pct_counts_mt,,0.0,,,,,,,,
mean_pct_counts_ribo,,0.0,,,,,,,,
