,count,mean,std,min,5%,25%,50%,75%,95%,max
n_genes_by_counts,7638.0,1383.59465828751,779.4615321437798,306.0,503.0,837.0,1098.0,1845.75,2957.1499999999996,5027.0
total_counts,7638.0,900.360595703125,118.72050476074219,486.34661865234375,701.2195037841797,823.0411834716797,896.8211975097656,983.5353546142578,1090.544104003906,1311.0640869140625
pct_counts_mt,7638.0,0.0,0.0,0.0,0.0,0.0,0.0,0.0,0.0,0.0
pct_counts_ribo,7638.0,0.0,0.0,0.0,0.0,0.0,0.0,0.0,0.0,0.0
mean_pct_counts_mt,,0.0,,,,,,,,
mean_pct_counts_ribo,,0.0,,,,,,,,
