,count,mean,std,min,5%,25%,50%,75%,95%,max
n_genes_by_counts,240.0,8173.254166666667,2280.1603844123892,5168.0,5801.25,6536.0,7565.5,9130.25,12783.4,17114.0
total_counts,240.0,41070.45703125,50730.41015625,13881.0,15218.950927734375,18068.0,24676.5,41342.75,113488.65703124984,377892.96875
pct_counts_mt,240.0,0.0,0.0,0.0,0.0,0.0,0.0,0.0,0.0,0.0
pct_counts_ribo,240.0,0.0,0.0,0.0,0.0,0.0,0.0,0.0,0.0,0.0
mean_pct_counts_mt,,0.0,,,,,,,,
mean_pct_counts_ribo,,0.0,,,,,,,,
