,count,mean,std,min,5%,25%,50%,75%,95%,max
n_genes_by_counts,11000.0,3390.671272727273,1221.292210287012,4.0,2013.9,2636.0,3171.0,3846.25,5445.0,14439.0
total_counts,11000.0,10603.6845703125,10112.341796875,11.0,3826.9,6077.75,8503.5,12040.0,22375.549999999992,244905.0
pct_counts_mt,11000.0,0.0,0.0,0.0,0.0,0.0,0.0,0.0,0.0,0.0
pct_counts_ribo,11000.0,0.0,0.0,0.0,0.0,0.0,0.0,0.0,0.0,0.0
mean_pct_counts_mt,,0.0,,,,,,,,
mean_pct_counts_ribo,,0.0,,,,,,,,
