,count,mean,std,min,5%,25%,50%,75%,95%,max
n_genes_by_counts,25712.0,539.0332529558183,496.0174896391799,5.0,39.0,171.0,396.0,757.0,1536.0,4731.0
total_counts,25712.0,577.3623046875,642.5333862304688,7.000001907348633,32.999996185302734,149.0,366.0,776.0,1834.999932861328,9553.9990234375
pct_counts_mt,25712.0,0.0,0.0,0.0,0.0,0.0,0.0,0.0,0.0,0.0
pct_counts_ribo,25712.0,0.0,0.0,0.0,0.0,0.0,0.0,0.0,0.0,0.0
mean_pct_counts_mt,,0.0,,,,,,,,
mean_pct_counts_ribo,,0.0,,,,,,,,
