,count,mean,std,min,5%,25%,50%,75%,95%,max
n_genes_by_counts,10522.0,1375.5164417411138,852.4676388815748,321.0,463.0,766.0,1092.0,1772.0,3230.0,5239.0
total_counts,10522.0,927.6161499023438,138.4863739013672,550.4226684570312,690.9716949462891,830.4058227539062,928.9898071289062,1028.2880249023438,1145.9780029296871,1354.8563232421875
pct_counts_mt,10522.0,0.0,0.0,0.0,0.0,0.0,0.0,0.0,0.0,0.0
pct_counts_ribo,10522.0,0.0,0.0,0.0,0.0,0.0,0.0,0.0,0.0,0.0
mean_pct_counts_mt,,0.0,,,,,,,,
mean_pct_counts_ribo,,0.0,,,,,,,,
