,count,mean,std,min,5%,25%,50%,75%,95%,max
n_genes_by_counts,2413.0,2866.5350186489845,1213.490429166826,213.0,1252.4,2061.0,2663.0,3531.0,5034.4000000000015,9075.0
total_counts,2413.0,3444.942626953125,771.161376953125,225.19984436035156,2366.6880859375,3171.25,3519.492431640625,3910.565185546875,4339.35234375,6086.9990234375
pct_counts_mt,2413.0,0.0,0.0,0.0,0.0,0.0,0.0,0.0,0.0,0.0
pct_counts_ribo,2413.0,0.0,0.0,0.0,0.0,0.0,0.0,0.0,0.0,0.0
mean_pct_counts_mt,,0.0,,,,,,,,
mean_pct_counts_ribo,,0.0,,,,,,,,
