,count,mean,std,min,5%,25%,50%,75%,95%,max
n_genes_by_counts,100959.0,424.44644855832564,563.7799574049103,5.0,43.0,88.0,229.0,543.0,1411.0,10353.0
total_counts,100959.0,574.5569458007812,1091.8780517578125,14.0,42.0,86.0,256.0,666.0,1991.0,55530.9921875
pct_counts_mt,100959.0,0.0,0.0,0.0,0.0,0.0,0.0,0.0,0.0,0.0
pct_counts_ribo,100959.0,0.0,0.0,0.0,0.0,0.0,0.0,0.0,0.0,0.0
mean_pct_counts_mt,,0.0,,,,,,,,
mean_pct_counts_ribo,,0.0,,,,,,,,
