,count,mean,std,min,5%,25%,50%,75%,95%,max
n_genes_by_counts,12999.0,2745.3159473805676,1641.7454586671845,2.0,1020.0,1361.0,2392.0,3586.5,5972.299999999996,12795.0
total_counts,12999.0,5653.38525390625,6275.87939453125,5.0,1311.9999877929688,1876.0,3794.0,6913.00048828125,16288.69999999999,125862.0
pct_counts_mt,12999.0,0.0,0.0,0.0,0.0,0.0,0.0,0.0,0.0,0.0
pct_counts_ribo,12999.0,0.0,0.0,0.0,0.0,0.0,0.0,0.0,0.0,0.0
mean_pct_counts_mt,,0.0,,,,,,,,
mean_pct_counts_ribo,,0.0,,,,,,,,
