,count,mean,std,min,5%,25%,50%,75%,95%,max
n_genes_by_counts,5399.0,1314.5682533802556,742.390123905461,300.0,436.0,709.0,1127.0,1771.5,2764.0,4417.0
total_counts,5399.0,913.7535400390625,138.87062072753906,246.67205810546875,669.573876953125,819.6119384765625,929.7567138671875,1016.4370422363281,1119.2792602539062,1316.794921875
pct_counts_mt,5399.0,0.0,0.0,0.0,0.0,0.0,0.0,0.0,0.0,0.0
pct_counts_ribo,5399.0,0.0,0.0,0.0,0.0,0.0,0.0,0.0,0.0,0.0
mean_pct_counts_mt,,0.0,,,,,,,,
mean_pct_counts_ribo,,0.0,,,,,,,,
