,count,mean,std,min,5%,25%,50%,75%,95%,max
n_genes_by_counts,8999.0,1827.9172130236693,1022.4146766283604,2.0,740.0,982.5,1580.0,2406.0,3830.0,10091.0
total_counts,8999.0,3403.89599609375,2879.100341796875,2.0,882.0,1292.9999389648438,2553.0,4621.999755859375,8579.299023437501,64478.0
pct_counts_mt,8999.0,0.0,0.0,0.0,0.0,0.0,0.0,0.0,0.0,0.0
pct_counts_ribo,8999.0,0.0,0.0,0.0,0.0,0.0,0.0,0.0,0.0,0.0
mean_pct_counts_mt,,0.0,,,,,,,,
mean_pct_counts_ribo,,0.0,,,,,,,,
