,count,mean,std,min,5%,25%,50%,75%,95%,max
n_genes_by_counts,1689.0,4986.050325636471,1371.3018114225817,4.0,3573.2,4070.0,4658.0,5512.0,7485.6,12851.0
total_counts,1689.0,10937.884765625,7860.58251953125,11.0,6115.3998046875,7165.0,8831.0,11767.0,21043.79999999999,92187.0
pct_counts_mt,1689.0,0.0,0.0,0.0,0.0,0.0,0.0,0.0,0.0,0.0
pct_counts_ribo,1689.0,0.0,0.0,0.0,0.0,0.0,0.0,0.0,0.0,0.0
mean_pct_counts_mt,,0.0,,,,,,,,
mean_pct_counts_ribo,,0.0,,,,,,,,
