,count,mean,std,min,5%,25%,50%,75%,95%,max
n_genes_by_counts,100485.0,139.44039408866996,327.0345582158399,2.0,8.0,20.0,37.0,85.0,696.0,7890.0
total_counts,100485.0,360.6750793457031,846.21875,7.999999046325684,22.0,35.0,71.0,302.0,1656.8000244140508,34267.0
pct_counts_mt,100485.0,0.0,0.0,0.0,0.0,0.0,0.0,0.0,0.0,0.0
pct_counts_ribo,100485.0,0.0,0.0,0.0,0.0,0.0,0.0,0.0,0.0,0.0
mean_pct_counts_mt,,0.0,,,,,,,,
mean_pct_counts_ribo,,0.0,,,,,,,,
