,count,mean,std,min,5%,25%,50%,75%,95%,max
n_genes_by_counts,12984.0,1268.0576093653729,1028.8576833318052,1.0,193.1500000000001,312.0,1070.5,2019.25,3110.5499999999956,10510.0
total_counts,12984.0,1784.4027099609375,1843.37744140625,1.0,168.15001068115242,285.0,1195.0,2766.5,5288.699999999997,19134.0
pct_counts_mt,12984.0,0.0,0.0,0.0,0.0,0.0,0.0,0.0,0.0,0.0
pct_counts_ribo,12984.0,0.0,0.0,0.0,0.0,0.0,0.0,0.0,0.0,0.0
mean_pct_counts_mt,,0.0,,,,,,,,
mean_pct_counts_ribo,,0.0,,,,,,,,
