,count,mean,std,min,5%,25%,50%,75%,95%,max
n_genes_by_counts,6000.0,175.1825,149.9687821949027,1.0,2.0,94.0,156.0,227.0,416.0,2238.0
total_counts,6000.0,268.39166259765625,190.14205932617188,1.0,5.0,194.0,241.0,322.25003814697266,559.0500579833986,3291.0
pct_counts_mt,6000.0,0.0,0.0,0.0,0.0,0.0,0.0,0.0,0.0,0.0
pct_counts_ribo,6000.0,0.0,0.0,0.0,0.0,0.0,0.0,0.0,0.0,0.0
mean_pct_counts_mt,,0.0,,,,,,,,
mean_pct_counts_ribo,,0.0,,,,,,,,
