,count,mean,std,min,5%,25%,50%,75%,95%,max
n_genes_by_counts,6410.0,1790.5664586583464,1431.256901911044,1.0,156.45000000000005,589.0,1532.0,2656.75,4429.849999999995,11904.0
total_counts,6410.0,3859.0126953125,5155.439453125,1.0,507.0,937.2500457763672,2411.5,5102.25,11490.599999999962,126099.9921875
pct_counts_mt,6410.0,0.0,0.0,0.0,0.0,0.0,0.0,0.0,0.0,0.0
pct_counts_ribo,6410.0,0.0,0.0,0.0,0.0,0.0,0.0,0.0,0.0,0.0
mean_pct_counts_mt,,0.0,,,,,,,,
mean_pct_counts_ribo,,0.0,,,,,,,,
