,count,mean,std,min,5%,25%,50%,75%,95%,max
n_genes_by_counts,464.0,2659.9633620689656,1743.5158741480911,2.0,590.0500000000001,1252.75,2243.5,3760.25,5829.7,10237.0
total_counts,464.0,5910.34912109375,6590.2978515625,4.0,731.7999908447266,1846.0,3773.9998779296875,7960.75,17204.798339843735,57877.0
pct_counts_mt,464.0,0.0,0.0,0.0,0.0,0.0,0.0,0.0,0.0,0.0
pct_counts_ribo,464.0,0.0,0.0,0.0,0.0,0.0,0.0,0.0,0.0,0.0
mean_pct_counts_mt,,0.0,,,,,,,,
mean_pct_counts_ribo,,0.0,,,,,,,,
