,count,mean,std,min,5%,25%,50%,75%,95%,max
n_genes_by_counts,55605.0,58.528747414800826,150.4932054967175,1.0,1.0,2.0,3.0,12.0,347.0,5896.0
total_counts,55605.0,55.00320053100586,179.9272003173828,0.9999361038208008,1.0,1.0,2.0,7.0,313.0,17561.0
pct_counts_mt,55605.0,0.0,0.0,0.0,0.0,0.0,0.0,0.0,0.0,0.0
pct_counts_ribo,55605.0,0.0,0.0,0.0,0.0,0.0,0.0,0.0,0.0,0.0
mean_pct_counts_mt,,0.0,,,,,,,,
mean_pct_counts_ribo,,0.0,,,,,,,,
