,count,mean,std,min,5%,25%,50%,75%,95%,max
n_genes_by_counts,100986.0,596.0537995365694,591.6843397636479,9.0,86.0,194.0,412.0,789.0,1725.0,9306.0
total_counts,100986.0,801.0950927734375,1023.4594116210938,33.999996185302734,90.0,209.00001525878906,482.0,1008.0,2527.7498779296875,34604.0
pct_counts_mt,100986.0,0.0,0.0,0.0,0.0,0.0,0.0,0.0,0.0,0.0
pct_counts_ribo,100986.0,0.0,0.0,0.0,0.0,0.0,0.0,0.0,0.0,0.0
mean_pct_counts_mt,,0.0,,,,,,,,
mean_pct_counts_ribo,,0.0,,,,,,,,
