,count,mean,std,min,5%,25%,50%,75%,95%,max
n_genes_by_counts,9035.0,1265.0024349750968,649.7498658670144,308.0,480.0,740.0,1127.0,1663.0,2491.0,4848.0
total_counts,9035.0,896.774658203125,117.03404998779297,459.3070983886719,699.7047912597657,811.5531921386719,905.41943359375,979.9456481933594,1077.5869140624998,1335.88720703125
pct_counts_mt,9035.0,0.0,0.0,0.0,0.0,0.0,0.0,0.0,0.0,0.0
pct_counts_ribo,9035.0,0.0,0.0,0.0,0.0,0.0,0.0,0.0,0.0,0.0
mean_pct_counts_mt,,0.0,,,,,,,,
mean_pct_counts_ribo,,0.0,,,,,,,,
