,count,mean,std,min,5%,25%,50%,75%,95%,max
n_genes_by_counts,100955.0,565.1261651230747,594.7849185984352,7.0,68.0,152.0,385.0,763.0,1660.0,9881.0
total_counts,100955.0,780.910888671875,1043.5377197265625,23.0,70.0,164.0,473.9999694824219,1015.9999389648438,2465.0,37086.0
pct_counts_mt,100955.0,0.0,0.0,0.0,0.0,0.0,0.0,0.0,0.0,0.0
pct_counts_ribo,100955.0,0.0,0.0,0.0,0.0,0.0,0.0,0.0,0.0,0.0
mean_pct_counts_mt,,0.0,,,,,,,,
mean_pct_counts_ribo,,0.0,,,,,,,,
