,count,mean,std,min,5%,25%,50%,75%,95%,max
n_genes_by_counts,6000.0,292.228,240.98320584690134,1.0,21.94999999999999,177.0,242.0,343.0,678.0,3130.0
total_counts,6000.0,345.329345703125,294.0257568359375,1.0,18.94999999999999,216.99998474121094,275.50001525878906,379.0,770.9999420166016,4907.0
pct_counts_mt,6000.0,0.0,0.0,0.0,0.0,0.0,0.0,0.0,0.0,0.0
pct_counts_ribo,6000.0,0.0,0.0,0.0,0.0,0.0,0.0,0.0,0.0,0.0
mean_pct_counts_mt,,0.0,,,,,,,,
mean_pct_counts_ribo,,0.0,,,,,,,,
