,count,mean,std,min,5%,25%,50%,75%,95%,max
n_genes_by_counts,19439.0,180.35243582488812,223.7985248691845,3.0,17.0,46.0,110.0,240.0,561.0,5504.0
total_counts,19439.0,155.72271728515625,253.60435485839844,3.0,12.999999046325684,34.0,82.0,190.99998474121094,519.0,9648.9990234375
pct_counts_mt,19439.0,0.0,0.0,0.0,0.0,0.0,0.0,0.0,0.0,0.0
pct_counts_ribo,19439.0,0.0,0.0,0.0,0.0,0.0,0.0,0.0,0.0,0.0
mean_pct_counts_mt,,0.0,,,,,,,,
mean_pct_counts_ribo,,0.0,,,,,,,,
