,count,mean,std,min,5%,25%,50%,75%,95%,max
n_genes_by_counts,5154.0,849.4093907644548,526.5927599495277,301.0,390.0,497.0,645.0,1065.0,1880.699999999999,4166.0
total_counts,5154.0,775.2733154296875,121.28414154052734,392.2646484375,603.513232421875,686.7433929443359,755.9962463378906,854.8412933349609,997.8788635253904,1249.59716796875
pct_counts_mt,5154.0,0.0,0.0,0.0,0.0,0.0,0.0,0.0,0.0,0.0
pct_counts_ribo,5154.0,0.0,0.0,0.0,0.0,0.0,0.0,0.0,0.0,0.0
mean_pct_counts_mt,,0.0,,,,,,,,
mean_pct_counts_ribo,,0.0,,,,,,,,
