,count,mean,std,min,5%,25%,50%,75%,95%,max
n_genes_by_counts,5981.0,368.72329041966225,603.3854715396767,1.0,7.0,15.0,70.0,468.0,1613.0,7201.0
total_counts,5981.0,455.9720764160156,1061.400146484375,0.999998927116394,8.0,18.0,69.0,485.0,2003.0,30457.0
pct_counts_mt,5981.0,0.0,0.0,0.0,0.0,0.0,0.0,0.0,0.0,0.0
pct_counts_ribo,5981.0,0.0,0.0,0.0,0.0,0.0,0.0,0.0,0.0,0.0
mean_pct_counts_mt,,0.0,,,,,,,,
mean_pct_counts_ribo,,0.0,,,,,,,,
