,count,mean,std,min,5%,25%,50%,75%,95%,max
n_genes_by_counts,8307.0,2441.165523052847,1656.8881296539105,1.0,373.3,991.0,2346.0,3385.0,5449.0,13441.0
total_counts,8307.0,4699.2275390625,5339.126953125,1.0,369.0,1192.5,3718.0,6309.00048828125,12905.999999999998,107534.0
pct_counts_mt,8307.0,0.0,0.0,0.0,0.0,0.0,0.0,0.0,0.0,0.0
pct_counts_ribo,8307.0,0.0,0.0,0.0,0.0,0.0,0.0,0.0,0.0,0.0
mean_pct_counts_mt,,0.0,,,,,,,,
mean_pct_counts_ribo,,0.0,,,,,,,,
