,count,mean,std,min,5%,25%,50%,75%,95%,max
n_genes_by_counts,7264.0,1552.5395099118944,872.0364664848261,304.0,514.0,885.0,1280.0,2110.25,3308.699999999999,4842.0
total_counts,7264.0,931.5633544921875,122.23784637451172,487.2249755859375,708.6696807861329,854.7231750488281,939.6992492675781,1021.9700317382812,1107.1440307617188,1347.367431640625
pct_counts_mt,7264.0,0.0,0.0,0.0,0.0,0.0,0.0,0.0,0.0,0.0
pct_counts_ribo,7264.0,0.0,0.0,0.0,0.0,0.0,0.0,0.0,0.0,0.0
mean_pct_counts_mt,,0.0,,,,,,,,
mean_pct_counts_ribo,,0.0,,,,,,,,
