,count,mean,std,min,5%,25%,50%,75%,95%,max
n_genes_by_counts,5813.0,962.9872699122656,502.50621356972556,315.0,412.0,579.0,836.0,1229.0,1938.0,4254.0
total_counts,5813.0,853.9228515625,128.8017120361328,400.90972900390625,654.8375244140625,754.824951171875,851.5078735351562,943.7979125976562,1064.9115234375,1308.8243408203125
pct_counts_mt,5813.0,0.0,0.0,0.0,0.0,0.0,0.0,0.0,0.0,0.0
pct_counts_ribo,5813.0,0.0,0.0,0.0,0.0,0.0,0.0,0.0,0.0,0.0
mean_pct_counts_mt,,0.0,,,,,,,,
mean_pct_counts_ribo,,0.0,,,,,,,,
