,count,mean,std,min,5%,25%,50%,75%,95%,max
n_genes_by_counts,18988.0,1839.0236991784284,860.3235700877958,4.0,1035.0,1196.0,1584.0,2209.0,3539.649999999998,10424.0
total_counts,18988.0,2782.368896484375,2089.448974609375,4.0,1276.0001220703125,1512.0,2149.0,3277.0,6412.599682617179,65692.0
pct_counts_mt,18988.0,0.0,0.0,0.0,0.0,0.0,0.0,0.0,0.0,0.0
pct_counts_ribo,18988.0,0.0,0.0,0.0,0.0,0.0,0.0,0.0,0.0,0.0
mean_pct_counts_mt,,0.0,,,,,,,,
mean_pct_counts_ribo,,0.0,,,,,,,,
