,count,mean,std,min,5%,25%,50%,75%,95%,max
n_genes_by_counts,3548.0,714.9270011273957,423.93682474720055,299.0,359.0,423.0,523.5,927.25,1529.8999999999978,4088.0
total_counts,3548.0,686.6470947265625,102.66290283203125,381.3699035644531,549.0983154296875,615.2248229980469,670.1668090820312,744.2869415283203,869.8187286376952,1237.4549560546875
pct_counts_mt,3548.0,0.0,0.0,0.0,0.0,0.0,0.0,0.0,0.0,0.0
pct_counts_ribo,3548.0,0.0,0.0,0.0,0.0,0.0,0.0,0.0,0.0,0.0
mean_pct_counts_mt,,0.0,,,,,,,,
mean_pct_counts_ribo,,0.0,,,,,,,,
