,count,mean,std,min,5%,25%,50%,75%,95%,max
n_genes_by_counts,12994.0,3011.9145759581347,2385.3240507313803,1.0,428.6500000000001,681.0,2724.5,4828.0,7206.699999999997,13098.0
total_counts,12994.0,9979.509765625,12522.3125,2.0,612.0,978.2499847412109,5460.5,14596.75,34533.35136718747,164047.0
pct_counts_mt,12994.0,0.0,0.0,0.0,0.0,0.0,0.0,0.0,0.0,0.0
pct_counts_ribo,12994.0,0.0,0.0,0.0,0.0,0.0,0.0,0.0,0.0,0.0
mean_pct_counts_mt,,0.0,,,,,,,,
mean_pct_counts_ribo,,0.0,,,,,,,,
