,count,mean,std,min,5%,25%,50%,75%,95%,max
n_genes_by_counts,6000.0,83.25733333333334,91.46519425360044,1.0,10.0,37.0,62.0,101.0,210.0,1952.0
total_counts,6000.0,82.01166534423828,101.91690826416016,0.999998927116394,18.0,38.0,61.0,96.99998092651367,200.05001373291034,3173.0
pct_counts_mt,6000.0,0.0,0.0,0.0,0.0,0.0,0.0,0.0,0.0,0.0
pct_counts_ribo,6000.0,0.0,0.0,0.0,0.0,0.0,0.0,0.0,0.0,0.0
mean_pct_counts_mt,,0.0,,,,,,,,
mean_pct_counts_ribo,,0.0,,,,,,,,
