,count,mean,std,min,5%,25%,50%,75%,95%,max
n_genes_by_counts,13260.0,896.9095022624434,459.63495530023596,299.0,382.0,552.0,793.0,1116.0,1776.0499999999993,4347.0
total_counts,13260.0,2043.149658203125,569.8179321289062,1007.9837646484375,1240.7748046875,1585.7507019042969,1987.2137451171875,2421.3394775390625,3066.0749755859374,4512.1953125
pct_counts_mt,13260.0,0.0,0.0,0.0,0.0,0.0,0.0,0.0,0.0,0.0
pct_counts_ribo,13260.0,0.001467089168727398,0.013809062540531158,0.0,0.0,0.0,0.0,0.0,0.0,0.28250905871391296
mean_pct_counts_mt,,0.0,,,,,,,,
mean_pct_counts_ribo,,0.001467089168727398,,,,,,,,
