,count,mean,std,min,5%,25%,50%,75%,95%,max
n_genes_by_counts,872.0,2403.355504587156,973.1946716248319,1068.0,1417.6000000000001,1705.0,2102.5,2791.25,4307.799999999999,7626.0
total_counts,872.0,2909.845947265625,361.843017578125,1817.85205078125,2387.6050048828124,2651.7990112304688,2864.720947265625,3160.9451293945312,3540.737951660156,3990.543701171875
pct_counts_mt,872.0,0.0,0.0,0.0,0.0,0.0,0.0,0.0,0.0,0.0
pct_counts_ribo,872.0,0.0,0.0,0.0,0.0,0.0,0.0,0.0,0.0,0.0
mean_pct_counts_mt,,0.0,,,,,,,,
mean_pct_counts_ribo,,0.0,,,,,,,,
