,count,mean,std,min,5%,25%,50%,75%,95%,max
n_genes_by_counts,206.0,1833.3592233009708,593.2738988946317,1310.0,1391.75,1502.5,1654.5,1938.75,2773.5,6688.0
total_counts,206.0,2495.07763671875,1743.1248779296875,1494.0,1718.2499694824219,1849.7500610351562,2107.0,2527.0,4244.75,22923.0
pct_counts_mt,206.0,0.0,0.0,0.0,0.0,0.0,0.0,0.0,0.0,0.0
pct_counts_ribo,206.0,0.0,0.0,0.0,0.0,0.0,0.0,0.0,0.0,0.0
mean_pct_counts_mt,,0.0,,,,,,,,
mean_pct_counts_ribo,,0.0,,,,,,,,
