,count,mean,std,min,5%,25%,50%,75%,95%,max
n_genes_by_counts,10998.0,2195.3652482269504,1299.8894952997787,2.0,931.0,1213.0,1749.0,2827.0,4855.749999999998,9660.0
total_counts,10998.0,4041.483642578125,4154.259765625,3.0,1092.9998779296875,1426.0,2427.0,5176.0,11810.15,47637.00390625
pct_counts_mt,10998.0,0.0,0.0,0.0,0.0,0.0,0.0,0.0,0.0,0.0
pct_counts_ribo,10998.0,0.0,0.0,0.0,0.0,0.0,0.0,0.0,0.0,0.0
mean_pct_counts_mt,,0.0,,,,,,,,
mean_pct_counts_ribo,,0.0,,,,,,,,
