,count,mean,std,min,5%,25%,50%,75%,95%,max
n_genes_by_counts,100927.0,334.19951053731904,577.142283077953,3.0,21.0,43.0,78.0,372.0,1473.0,8902.0
total_counts,100927.0,672.134765625,1378.522216796875,18.0,35.999996185302734,51.0,102.0,745.9999389648438,2950.6998291015598,37938.0
pct_counts_mt,100927.0,0.0,0.0,0.0,0.0,0.0,0.0,0.0,0.0,0.0
pct_counts_ribo,100927.0,0.0,0.0,0.0,0.0,0.0,0.0,0.0,0.0,0.0
mean_pct_counts_mt,,0.0,,,,,,,,
mean_pct_counts_ribo,,0.0,,,,,,,,
