,count,mean,std,min,5%,25%,50%,75%,95%,max
n_genes_by_counts,8111.0,3267.0849463691284,2595.216003698634,2.0,580.0,1045.0,2842.0,4434.5,8494.5,16630.0
total_counts,8111.0,9800.2294921875,19420.578125,4.0,726.0,1382.0,4868.00048828125,10161.5,34805.0,464171.0
pct_counts_mt,8111.0,0.0,0.0,0.0,0.0,0.0,0.0,0.0,0.0,0.0
pct_counts_ribo,8111.0,0.0,0.0,0.0,0.0,0.0,0.0,0.0,0.0,0.0
mean_pct_counts_mt,,0.0,,,,,,,,
mean_pct_counts_ribo,,0.0,,,,,,,,
