,count,mean,std,min,5%,25%,50%,75%,95%,max
n_genes_by_counts,100527.0,76.72888875625453,230.92896041749856,1.0,5.0,10.0,18.0,38.0,399.6999999999971,5676.0
total_counts,100527.0,90.07772827148438,343.00408935546875,0.999998927116394,4.0,9.0,16.0,33.0,464.0,13954.0
pct_counts_mt,100527.0,0.0,0.0,0.0,0.0,0.0,0.0,0.0,0.0,0.0
pct_counts_ribo,100527.0,0.0,0.0,0.0,0.0,0.0,0.0,0.0,0.0,0.0
mean_pct_counts_mt,,0.0,,,,,,,,
mean_pct_counts_ribo,,0.0,,,,,,,,
