,count,mean,std,min,5%,25%,50%,75%,95%,max
n_genes_by_counts,100291.0,122.81275488328963,238.40265399840334,2.0,9.0,19.0,34.0,89.0,599.0,6702.0
total_counts,100291.0,191.36868286132812,384.8932800292969,4.0,13.0,21.0,37.999996185302734,168.99998474121094,933.0000305175781,17699.998046875
pct_counts_mt,100291.0,0.0,0.0,0.0,0.0,0.0,0.0,0.0,0.0,0.0
pct_counts_ribo,100291.0,0.0,0.0,0.0,0.0,0.0,0.0,0.0,0.0,0.0
mean_pct_counts_mt,,0.0,,,,,,,,
mean_pct_counts_ribo,,0.0,,,,,,,,
