,count,mean,std,min,5%,25%,50%,75%,95%,max
n_genes_by_counts,7000.0,2160.005142857143,1125.3514089644884,4.0,1151.95,1362.0,1785.0,2556.25,4497.049999999999,10176.0
total_counts,7000.0,3350.302490234375,3020.71337890625,6.0,1331.0,1616.0,2326.0001220703125,3797.0,8944.299999999996,49646.0
pct_counts_mt,7000.0,0.0,0.0,0.0,0.0,0.0,0.0,0.0,0.0,0.0
pct_counts_ribo,7000.0,0.0,0.0,0.0,0.0,0.0,0.0,0.0,0.0,0.0
mean_pct_counts_mt,,0.0,,,,,,,,
mean_pct_counts_ribo,,0.0,,,,,,,,
