,count,mean,std,min,5%,25%,50%,75%,95%,max
n_genes_by_counts,4434.0,3247.1490753270186,1932.9326693828518,2.0,1620.0,2012.0,2559.0,3761.75,7293.349999999999,14931.0
total_counts,4434.0,7265.38623046875,12099.0341796875,5.0,2185.3,2877.25,3894.0,6693.5,21756.849999999973,182893.984375
pct_counts_mt,4434.0,0.0,0.0,0.0,0.0,0.0,0.0,0.0,0.0,0.0
pct_counts_ribo,4434.0,0.0,0.0,0.0,0.0,0.0,0.0,0.0,0.0,0.0
mean_pct_counts_mt,,0.0,,,,,,,,
mean_pct_counts_ribo,,0.0,,,,,,,,
