,count,mean,std,min,5%,25%,50%,75%,95%,max
n_genes_by_counts,100737.0,121.24933242006412,245.98798646794728,2.0,7.0,19.0,38.0,106.0,527.0,5302.0
total_counts,100737.0,510.4817199707031,1186.1307373046875,15.0,32.0,49.0,114.0,456.0,2211.199999999997,34140.0
pct_counts_mt,100737.0,0.0,0.0,0.0,0.0,0.0,0.0,0.0,0.0,0.0
pct_counts_ribo,100737.0,0.0,0.0,0.0,0.0,0.0,0.0,0.0,0.0,0.0
mean_pct_counts_mt,,0.0,,,,,,,,
mean_pct_counts_ribo,,0.0,,,,,,,,
