,count,mean,std,min,5%,25%,50%,75%,95%,max
n_genes_by_counts,8111.0,3267.078535322402,2595.202815082989,2.0,580.0,1045.0,2842.0,4434.5,8494.5,16631.0
total_counts,8111.0,9800.228515625,19420.5703125,4.0,726.0,1382.0000610351562,4868.00048828125,10161.50048828125,34805.0,464169.96875
pct_counts_mt,8111.0,0.0,0.0,0.0,0.0,0.0,0.0,0.0,0.0,0.0
pct_counts_ribo,8111.0,0.0,0.0,0.0,0.0,0.0,0.0,0.0,0.0,0.0
mean_pct_counts_mt,,0.0,,,,,,,,
mean_pct_counts_ribo,,0.0,,,,,,,,
