,count,mean,std,min,5%,25%,50%,75%,95%,max
n_genes_by_counts,3503.0,1200.6808449900086,754.7827421013566,300.0,368.0,562.0,995.0,1682.5,2675.7999999999993,4061.0
total_counts,3503.0,804.8718872070312,165.97622680664062,301.07354736328125,518.2942749023438,681.2996215820312,814.2913818359375,936.3837280273438,1059.277160644531,1244.9677734375
pct_counts_mt,3503.0,0.0,0.0,0.0,0.0,0.0,0.0,0.0,0.0,0.0
pct_counts_ribo,3503.0,0.0,0.0,0.0,0.0,0.0,0.0,0.0,0.0,0.0
mean_pct_counts_mt,,0.0,,,,,,,,
mean_pct_counts_ribo,,0.0,,,,,,,,
