,count,mean,std,min,5%,25%,50%,75%,95%,max
n_genes_by_counts,31810.0,283.6558943728387,327.75915047376964,4.0,20.0,66.0,169.0,375.0,938.5499999999993,5855.0
total_counts,31810.0,286.4559326171875,413.0780944824219,4.0,16.0,52.999996185302734,142.9999771118164,351.0,1044.9999450683595,18367.0
pct_counts_mt,31810.0,0.0,0.0,0.0,0.0,0.0,0.0,0.0,0.0,0.0
pct_counts_ribo,31810.0,0.0,0.0,0.0,0.0,0.0,0.0,0.0,0.0,0.0
mean_pct_counts_mt,,0.0,,,,,,,,
mean_pct_counts_ribo,,0.0,,,,,,,,
