,count,mean,std,min,5%,25%,50%,75%,95%,max
n_genes_by_counts,12999.0,228.79629202246326,253.1824099563089,1.0,50.0,113.0,169.0,262.0,580.0,6588.0
total_counts,12999.0,348.07177734375,562.236083984375,1.0,133.0,190.99998474121094,252.0,373.0,805.0,36194.0
pct_counts_mt,12999.0,0.0,0.0,0.0,0.0,0.0,0.0,0.0,0.0,0.0
pct_counts_ribo,12999.0,0.0,0.0,0.0,0.0,0.0,0.0,0.0,0.0,0.0
mean_pct_counts_mt,,0.0,,,,,,,,
mean_pct_counts_ribo,,0.0,,,,,,,,
