,count,mean,std,min,5%,25%,50%,75%,95%,max
n_genes_by_counts,15458.0,1421.3913184111786,752.5500676474376,299.0,491.0,865.0,1244.0,1821.0,2955.2999999999993,4298.0
total_counts,15458.0,916.6176147460938,130.9634246826172,342.7027587890625,683.7918182373047,832.4695587158203,923.4535827636719,1006.4076080322266,1128.3458557128906,1241.7955322265625
pct_counts_mt,15458.0,0.0,0.0,0.0,0.0,0.0,0.0,0.0,0.0,0.0
pct_counts_ribo,15458.0,0.0,0.0,0.0,0.0,0.0,0.0,0.0,0.0,0.0
mean_pct_counts_mt,,0.0,,,,,,,,
mean_pct_counts_ribo,,0.0,,,,,,,,
