,count,mean,std,min,5%,25%,50%,75%,95%,max
n_genes_by_counts,8688.0,1419.131906077348,889.6845952593225,2.0,319.0,698.0,1282.0,1949.0,3066.0,8974.0
total_counts,8688.0,2436.61328125,2175.3857421875,5.0,317.9999694824219,825.0000457763672,1814.4999389648438,3356.0,6801.5995117187485,20839.0
pct_counts_mt,8688.0,0.0,0.0,0.0,0.0,0.0,0.0,0.0,0.0,0.0
pct_counts_ribo,8688.0,0.0,0.0,0.0,0.0,0.0,0.0,0.0,0.0,0.0
mean_pct_counts_mt,,0.0,,,,,,,,
mean_pct_counts_ribo,,0.0,,,,,,,,
