,count,mean,std,min,5%,25%,50%,75%,95%,max
n_genes_by_counts,6000.0,1528.0563333333334,702.6602484349582,423.0,725.95,1089.0,1394.0,1766.0,2828.0,8869.0
total_counts,6000.0,2178.3984375,1719.8118896484375,488.0,795.95,1343.75,1822.5000610351562,2480.9998168945312,4619.150000000001,46117.0
pct_counts_mt,6000.0,0.0,0.0,0.0,0.0,0.0,0.0,0.0,0.0,0.0
pct_counts_ribo,6000.0,0.0,0.0,0.0,0.0,0.0,0.0,0.0,0.0,0.0
mean_pct_counts_mt,,0.0,,,,,,,,
mean_pct_counts_ribo,,0.0,,,,,,,,
