,count,mean,std,min,5%,25%,50%,75%,95%,max
n_genes_by_counts,20999.0,2022.6297918948521,1378.796404029352,1.0,574.9000000000001,946.0,1676.0,2691.0,4818.0999999999985,12375.0
total_counts,20999.0,3113.168701171875,3520.935546875,3.0,543.9999389648438,993.0,2058.999755859375,3836.0,9420.399999999994,66770.9921875
pct_counts_mt,20999.0,0.0,0.0,0.0,0.0,0.0,0.0,0.0,0.0,0.0
pct_counts_ribo,20999.0,0.0,0.0,0.0,0.0,0.0,0.0,0.0,0.0,0.0
mean_pct_counts_mt,,0.0,,,,,,,,
mean_pct_counts_ribo,,0.0,,,,,,,,
