,count,mean,std,min,5%,25%,50%,75%,95%,max
n_genes_by_counts,203.0,1751.088669950739,325.21568169980634,1394.0,1431.1,1547.0,1696.0,1862.0,2233.6999999999994,4291.0
total_counts,203.0,2205.29052734375,586.20947265625,1672.0,1736.3999877929687,1856.4999389648438,2032.0,2373.0,2980.6002197265625,7264.99951171875
pct_counts_mt,203.0,0.0,0.0,0.0,0.0,0.0,0.0,0.0,0.0,0.0
pct_counts_ribo,203.0,0.0,0.0,0.0,0.0,0.0,0.0,0.0,0.0,0.0
mean_pct_counts_mt,,0.0,,,,,,,,
mean_pct_counts_ribo,,0.0,,,,,,,,
