,count,mean,std,min,5%,25%,50%,75%,95%,max
n_genes_by_counts,3023.0,481.06318226926896,216.1673149476654,0.0,260.0,345.0,442.0,559.5,790.9000000000001,2972.0
total_counts,3023.0,768.5575561523438,568.3717651367188,0.0,309.7993682861328,442.7029571533203,647.5802612304688,939.9296569824219,1452.64853515625,10644.7041015625
pct_counts_mt,3022.0,0.0,0.0,0.0,0.0,0.0,0.0,0.0,0.0,0.0
pct_counts_ribo,3022.0,0.0,0.0,0.0,0.0,0.0,0.0,0.0,0.0,0.0
mean_pct_counts_mt,,0.0,,,,,,,,
mean_pct_counts_ribo,,0.0,,,,,,,,
