,count,mean,std,min,5%,25%,50%,75%,95%,max
n_genes_by_counts,1500.0,2423.6113333333333,1889.0218177379925,1.0,593.0,801.0,1866.5,3698.5,6041.1,12252.0
total_counts,1500.0,5844.13330078125,7819.50732421875,3.0,702.95,963.75,2890.5,8145.49951171875,19162.1,103227.9921875
pct_counts_mt,1500.0,0.0,0.0,0.0,0.0,0.0,0.0,0.0,0.0,0.0
pct_counts_ribo,1500.0,0.0,0.0,0.0,0.0,0.0,0.0,0.0,0.0,0.0
mean_pct_counts_mt,,0.0,,,,,,,,
mean_pct_counts_ribo,,0.0,,,,,,,,
