,count,mean,std,min,5%,25%,50%,75%,95%,max
n_genes_by_counts,9349.0,1296.1162691196919,634.6356522153827,317.0,520.4000000000001,811.0,1181.0,1631.0,2490.6000000000004,5428.0
total_counts,9349.0,924.8950805664062,121.01392364501953,550.094970703125,722.0334594726562,840.7891235351562,932.7393188476562,1003.1803588867188,1118.2753906250002,1369.16552734375
pct_counts_mt,9349.0,0.0,0.0,0.0,0.0,0.0,0.0,0.0,0.0,0.0
pct_counts_ribo,9349.0,0.0,0.0,0.0,0.0,0.0,0.0,0.0,0.0,0.0
mean_pct_counts_mt,,0.0,,,,,,,,
mean_pct_counts_ribo,,0.0,,,,,,,,
