,count,mean,std,min,5%,25%,50%,75%,95%,max
n_genes_by_counts,6000.0,1912.0891666666666,1224.0736871669837,1.0,431.0,868.0,1687.0,2795.0,4126.1,7481.0
total_counts,6000.0,3393.362060546875,3072.718017578125,2.0,564.0,1094.9998779296875,2347.5,4915.25,9227.2,35155.0
pct_counts_mt,6000.0,0.0,0.0,0.0,0.0,0.0,0.0,0.0,0.0,0.0
pct_counts_ribo,6000.0,0.0,0.0,0.0,0.0,0.0,0.0,0.0,0.0,0.0
mean_pct_counts_mt,,0.0,,,,,,,,
mean_pct_counts_ribo,,0.0,,,,,,,,
