,count,mean,std,min,5%,25%,50%,75%,95%,max
n_genes_by_counts,18490.0,612.6769605191996,565.5720653704857,6.0,28.0,173.0,451.0,897.0,1734.0,7352.0
total_counts,18490.0,697.3716430664062,788.8412475585938,3.999998092651367,22.0,150.0,432.0,978.0,2238.5498657226553,21392.0
pct_counts_mt,18490.0,0.0,0.0,0.0,0.0,0.0,0.0,0.0,0.0,0.0
pct_counts_ribo,18490.0,0.0,0.0,0.0,0.0,0.0,0.0,0.0,0.0,0.0
mean_pct_counts_mt,,0.0,,,,,,,,
mean_pct_counts_ribo,,0.0,,,,,,,,
