,count,mean,std,min,5%,25%,50%,75%,95%,max
n_genes_by_counts,12994.0,1878.6015853470833,1711.8332971738116,1.0,145.0,252.0,1554.0,3155.0,4795.0,11619.0
total_counts,12994.0,5169.8779296875,6599.2451171875,1.0,291.0000305175781,465.0,2695.0,7858.0,17217.749999999993,95539.0
pct_counts_mt,12994.0,0.0,0.0,0.0,0.0,0.0,0.0,0.0,0.0,0.0
pct_counts_ribo,12994.0,0.0,0.0,0.0,0.0,0.0,0.0,0.0,0.0,0.0
mean_pct_counts_mt,,0.0,,,,,,,,
mean_pct_counts_ribo,,0.0,,,,,,,,
