,count,mean,std,min,5%,25%,50%,75%,95%,max
n_genes_by_counts,7980.0,1856.1150375939849,1109.9859270684233,1.0,286.0,975.0,1788.0,2603.25,3758.0999999999985,8674.0
total_counts,7980.0,3793.609130859375,3274.44287109375,2.0,286.0,1331.7499084472656,2965.4998779296875,5399.5,10097.549999999992,43610.0
pct_counts_mt,7980.0,0.0,0.0,0.0,0.0,0.0,0.0,0.0,0.0,0.0
pct_counts_ribo,7980.0,0.0,0.0,0.0,0.0,0.0,0.0,0.0,0.0,0.0
mean_pct_counts_mt,,0.0,,,,,,,,
mean_pct_counts_ribo,,0.0,,,,,,,,
