,count,mean,std,min,5%,25%,50%,75%,95%,max
n_genes_by_counts,60348.0,67.81207330814608,142.95757357702647,1.0,1.0,2.0,4.0,62.0,367.0,1923.0
total_counts,60348.0,62.91232681274414,144.9446563720703,0.9999729990959167,1.0,2.0,3.0,51.0,343.0,2472.999755859375
pct_counts_mt,60348.0,0.0,0.0,0.0,0.0,0.0,0.0,0.0,0.0,0.0
pct_counts_ribo,60348.0,0.0,0.0,0.0,0.0,0.0,0.0,0.0,0.0,0.0
mean_pct_counts_mt,,0.0,,,,,,,,
mean_pct_counts_ribo,,0.0,,,,,,,,
