,count,mean,std,min,5%,25%,50%,75%,95%,max
n_genes_by_counts,5999.0,1357.6722787131189,941.023683978213,1.0,299.0,467.0,1237.0,2016.0,2821.199999999999,9932.0
total_counts,5999.0,2114.70263671875,2470.96435546875,2.0,306.0,491.49998474121094,1536.0,3148.499755859375,5079.0,88217.0
pct_counts_mt,5999.0,0.0,0.0,0.0,0.0,0.0,0.0,0.0,0.0,0.0
pct_counts_ribo,5999.0,0.0,0.0,0.0,0.0,0.0,0.0,0.0,0.0,0.0
mean_pct_counts_mt,,0.0,,,,,,,,
mean_pct_counts_ribo,,0.0,,,,,,,,
