,count,mean,std,min,5%,25%,50%,75%,95%,max
n_genes_by_counts,8948.0,2866.770339740724,1068.4029713777031,239.0,1364.0,2127.0,2771.5,3488.25,4781.65,13014.0
total_counts,8948.0,3090.25537109375,652.5808715820312,300.75335693359375,1862.4592224121093,2793.3358764648438,3222.372314453125,3519.302978515625,3924.2362670898433,6506.84326171875
pct_counts_mt,8948.0,0.0,0.0,0.0,0.0,0.0,0.0,0.0,0.0,0.0
pct_counts_ribo,8948.0,0.0,0.0,0.0,0.0,0.0,0.0,0.0,0.0,0.0
mean_pct_counts_mt,,0.0,,,,,,,,
mean_pct_counts_ribo,,0.0,,,,,,,,
