,count,mean,std,min,5%,25%,50%,75%,95%,max
n_genes_by_counts,14992.0,2893.8281083244397,1705.9443186341043,218.0,1298.5500000000002,1787.0,2371.0,3388.0,6496.449999999999,14452.0
total_counts,14992.0,3019.724609375,673.060302734375,254.9964599609375,2085.3873291015625,2570.7393798828125,2924.263916015625,3463.6748657226562,4237.1165771484375,5028.3154296875
pct_counts_mt,14992.0,0.0,0.0,0.0,0.0,0.0,0.0,0.0,0.0,0.0
pct_counts_ribo,14992.0,0.0,0.0,0.0,0.0,0.0,0.0,0.0,0.0,0.0
mean_pct_counts_mt,,0.0,,,,,,,,
mean_pct_counts_ribo,,0.0,,,,,,,,
