,count,mean,std,min,5%,25%,50%,75%,95%,max
n_genes_by_counts,5754.0,1417.3670490093848,834.270292143555,314.0,534.0,867.25,1167.0,1707.25,3198.3499999999995,5603.0
total_counts,5754.0,974.6348876953125,140.15611267089844,527.2530517578125,746.0158935546875,884.1443176269531,964.9028930664062,1066.9818115234375,1225.9253234863281,1370.7449951171875
pct_counts_mt,5754.0,0.0,0.0,0.0,0.0,0.0,0.0,0.0,0.0,0.0
pct_counts_ribo,5754.0,0.0,0.0,0.0,0.0,0.0,0.0,0.0,0.0,0.0
mean_pct_counts_mt,,0.0,,,,,,,,
mean_pct_counts_ribo,,0.0,,,,,,,,
