,count,mean,std,min,5%,25%,50%,75%,95%,max
n_genes_by_counts,10956.0,43.042716319824756,118.79080254931982,1.0,6.0,17.0,25.0,41.0,104.0,3827.0
total_counts,10956.0,157.31243896484375,238.2032470703125,0.999998927116394,10.999999046325684,30.0,89.0,211.0,493.25,7397.0
pct_counts_mt,10956.0,0.0,0.0,0.0,0.0,0.0,0.0,0.0,0.0,0.0
pct_counts_ribo,10956.0,0.0,0.0,0.0,0.0,0.0,0.0,0.0,0.0,0.0
mean_pct_counts_mt,,0.0,,,,,,,,
mean_pct_counts_ribo,,0.0,,,,,,,,
