,count,mean,std,min,5%,25%,50%,75%,95%,max
n_genes_by_counts,3487.0,1537.7034700315457,936.4024830521389,325.0,571.3,880.0,1194.0,2003.0,3592.0,5415.0
total_counts,3487.0,973.535400390625,139.16012573242188,577.458740234375,761.7420349121094,874.5089111328125,961.0634155273438,1072.2310180664062,1223.5151489257812,1369.9339599609375
pct_counts_mt,3487.0,0.0,0.0,0.0,0.0,0.0,0.0,0.0,0.0,0.0
pct_counts_ribo,3487.0,0.0,0.0,0.0,0.0,0.0,0.0,0.0,0.0,0.0
mean_pct_counts_mt,,0.0,,,,,,,,
mean_pct_counts_ribo,,0.0,,,,,,,,
