,count,mean,std,min,5%,25%,50%,75%,95%,max
n_genes_by_counts,12000.0,1499.3109166666666,799.1708998026752,1.0,585.95,892.0,1351.0,1872.0,3055.0,7981.0
total_counts,12000.0,1960.4583740234375,1470.998046875,2.0,626.0,992.9999847412109,1598.0,2399.9998168945312,4694.0,26134.0
pct_counts_mt,12000.0,0.0,0.0,0.0,0.0,0.0,0.0,0.0,0.0,0.0
pct_counts_ribo,12000.0,0.0,0.0,0.0,0.0,0.0,0.0,0.0,0.0,0.0
mean_pct_counts_mt,,0.0,,,,,,,,
mean_pct_counts_ribo,,0.0,,,,,,,,
