,count,mean,std,min,5%,25%,50%,75%,95%,max
n_genes_by_counts,4331.0,1312.9512814592472,827.0608935528455,306.0,413.0,581.0,1038.0,1987.0,2781.5,4458.0
total_counts,4331.0,804.32080078125,119.90560150146484,470.526123046875,605.4775390625,716.94482421875,809.1644287109375,892.5609436035156,990.4685363769531,1198.8602294921875
pct_counts_mt,4331.0,0.0,0.0,0.0,0.0,0.0,0.0,0.0,0.0,0.0
pct_counts_ribo,4331.0,0.0,0.0,0.0,0.0,0.0,0.0,0.0,0.0,0.0
mean_pct_counts_mt,,0.0,,,,,,,,
mean_pct_counts_ribo,,0.0,,,,,,,,
