,count,mean,std,min,5%,25%,50%,75%,95%,max
n_genes_by_counts,4841.0,1015.9580665151828,667.6736194310771,304.0,403.0,527.0,703.0,1401.0,2395.0,4625.0
total_counts,4841.0,761.8359985351562,111.97175598144531,395.810791015625,579.8229370117188,683.392333984375,756.995849609375,837.5527954101562,949.9944458007812,1213.4776611328125
pct_counts_mt,4841.0,0.0,0.0,0.0,0.0,0.0,0.0,0.0,0.0,0.0
pct_counts_ribo,4841.0,0.0,0.0,0.0,0.0,0.0,0.0,0.0,0.0,0.0
mean_pct_counts_mt,,0.0,,,,,,,,
mean_pct_counts_ribo,,0.0,,,,,,,,
