,count,mean,std,min,5%,25%,50%,75%,95%,max
n_genes_by_counts,80881.0,82.93638802685427,164.75004040217195,1.0,5.0,14.0,29.0,77.0,350.0,4999.0
total_counts,80881.0,125.0163345336914,320.6946105957031,0.999998927116394,6.0,18.0,37.0,104.0,506.9999694824219,15985.0
pct_counts_mt,80881.0,0.0,0.0,0.0,0.0,0.0,0.0,0.0,0.0,0.0
pct_counts_ribo,80881.0,0.0,0.0,0.0,0.0,0.0,0.0,0.0,0.0,0.0
mean_pct_counts_mt,,0.0,,,,,,,,
mean_pct_counts_ribo,,0.0,,,,,,,,
