,count,mean,std,min,5%,25%,50%,75%,95%,max
n_genes_by_counts,2997.0,1154.3970637303971,1040.6811308559152,1.0,289.0,359.0,807.0,1669.0,3093.0,10917.0
total_counts,2997.0,1769.281005859375,2764.494384765625,1.0,285.0,348.9999694824219,933.0,2361.0,5460.2,74687.0
pct_counts_mt,2997.0,0.0,0.0,0.0,0.0,0.0,0.0,0.0,0.0,0.0
pct_counts_ribo,2997.0,0.0,0.0,0.0,0.0,0.0,0.0,0.0,0.0,0.0
mean_pct_counts_mt,,0.0,,,,,,,,
mean_pct_counts_ribo,,0.0,,,,,,,,
