,count,mean,std,min,5%,25%,50%,75%,95%,max
n_genes_by_counts,3420.0,770.5441520467837,353.2518000795531,298.0,352.0,481.0,709.5,962.0,1444.0499999999997,2996.0
total_counts,3420.0,640.6054077148438,96.96434783935547,340.912841796875,483.98694000244143,576.1667785644531,639.0111999511719,702.6308288574219,802.006494140625,1074.0196533203125
pct_counts_mt,3420.0,0.0,0.0,0.0,0.0,0.0,0.0,0.0,0.0,0.0
pct_counts_ribo,3420.0,0.0,0.0,0.0,0.0,0.0,0.0,0.0,0.0,0.0
mean_pct_counts_mt,,0.0,,,,,,,,
mean_pct_counts_ribo,,0.0,,,,,,,,
