,count,mean,std,min,5%,25%,50%,75%,95%,max
n_genes_by_counts,5995.0,588.5506255212678,810.3501944644227,1.0,54.0,97.0,193.0,754.0,2307.3,8018.0
total_counts,5995.0,1052.0567626953125,1947.0364990234375,0.999998927116394,115.0,172.0,288.0,1053.0,4429.6,44428.0
pct_counts_mt,5995.0,0.0,0.0,0.0,0.0,0.0,0.0,0.0,0.0,0.0
pct_counts_ribo,5995.0,0.0,0.0,0.0,0.0,0.0,0.0,0.0,0.0,0.0
mean_pct_counts_mt,,0.0,,,,,,,,
mean_pct_counts_ribo,,0.0,,,,,,,,
