,count,mean,std,min,5%,25%,50%,75%,95%,max
n_genes_by_counts,2744.0,1905.8662536443148,1081.8743625375864,357.0,622.6,1040.75,1547.0,2694.75,4007.7,5232.0
total_counts,2744.0,1018.2274169921875,125.52255249023438,576.6891479492188,804.4142059326172,930.7519226074219,1030.1337890625,1112.52734375,1202.4395812988282,1342.6961669921875
pct_counts_mt,2744.0,0.0,0.0,0.0,0.0,0.0,0.0,0.0,0.0,0.0
pct_counts_ribo,2744.0,0.0,0.0,0.0,0.0,0.0,0.0,0.0,0.0,0.0
mean_pct_counts_mt,,0.0,,,,,,,,
mean_pct_counts_ribo,,0.0,,,,,,,,
