,count,mean,std,min,5%,25%,50%,75%,95%,max
n_genes_by_counts,11633.0,638.537436602768,381.961899096331,0.0,42.0,355.0,651.0,880.0,1268.3999999999996,3135.0
total_counts,11633.0,1526.4412841796875,1191.3248291015625,0.0,115.77568359375,618.2711791992188,1283.2435302734375,2180.5166015625,3714.3732421874997,15478.865234375
pct_counts_mt,11632.0,0.0,0.0,0.0,0.0,0.0,0.0,0.0,0.0,0.0
pct_counts_ribo,11632.0,0.0,0.0,0.0,0.0,0.0,0.0,0.0,0.0,0.0
mean_pct_counts_mt,,0.0,,,,,,,,
mean_pct_counts_ribo,,0.0,,,,,,,,
