,count,mean,std,min,5%,25%,50%,75%,95%,max
n_genes_by_counts,65248.0,62.00199239823443,167.01104952607312,1.0,1.0,2.0,3.0,10.0,358.0,3008.0
total_counts,65248.0,62.10641098022461,202.018798828125,0.9999750852584839,1.0,1.0,2.0,6.0,333.0,6100.99951171875
pct_counts_mt,65248.0,0.0,0.0,0.0,0.0,0.0,0.0,0.0,0.0,0.0
pct_counts_ribo,65248.0,0.0,0.0,0.0,0.0,0.0,0.0,0.0,0.0,0.0
mean_pct_counts_mt,,0.0,,,,,,,,
mean_pct_counts_ribo,,0.0,,,,,,,,
