,count,mean,std,min,5%,25%,50%,75%,95%,max
n_genes_by_counts,4028.0,3385.2852532274082,1253.2734870672311,1197.0,1783.35,2486.0,3183.0,3989.0,5832.549999999997,9813.0
total_counts,4028.0,3425.06298828125,346.6953430175781,1729.2060546875,2795.4758422851564,3222.3181762695312,3462.2030029296875,3655.6681518554688,3951.776086425781,4550.72021484375
pct_counts_mt,4028.0,0.0,0.0,0.0,0.0,0.0,0.0,0.0,0.0,0.0
pct_counts_ribo,4028.0,0.0,0.0,0.0,0.0,0.0,0.0,0.0,0.0,0.0
mean_pct_counts_mt,,0.0,,,,,,,,
mean_pct_counts_ribo,,0.0,,,,,,,,
