,count,mean,std,min,5%,25%,50%,75%,95%,max
n_genes_by_counts,6450.0,1077.828062015504,636.0374792715525,309.0,423.0,598.0,831.0,1447.75,2371.199999999997,4645.0
total_counts,6450.0,790.7093505859375,108.04615020751953,363.5625,615.3323516845703,711.4524688720703,790.3872375488281,871.9555358886719,963.0966979980468,1203.6143798828125
pct_counts_mt,6450.0,0.0,0.0,0.0,0.0,0.0,0.0,0.0,0.0,0.0
pct_counts_ribo,6450.0,0.0,0.0,0.0,0.0,0.0,0.0,0.0,0.0,0.0
mean_pct_counts_mt,,0.0,,,,,,,,
mean_pct_counts_ribo,,0.0,,,,,,,,
