,count,mean,std,min,5%,25%,50%,75%,95%,max
n_genes_by_counts,7999.0,1930.7837229653708,1031.6690376428378,2.0,1016.0,1189.0,1564.0,2310.0,4106.0,9094.0
total_counts,7999.0,2906.653564453125,2622.39404296875,3.0,1162.0,1391.0,1950.9998779296875,3279.0,7917.400439453112,48079.0
pct_counts_mt,7999.0,0.0,0.0,0.0,0.0,0.0,0.0,0.0,0.0,0.0
pct_counts_ribo,7999.0,0.0,0.0,0.0,0.0,0.0,0.0,0.0,0.0,0.0
mean_pct_counts_mt,,0.0,,,,,,,,
mean_pct_counts_ribo,,0.0,,,,,,,,
