,count,mean,std,min,5%,25%,50%,75%,95%,max
n_genes_by_counts,28664.0,530.30717973765,456.3399496103569,7.0,50.0,186.0,404.0,749.0,1442.0,5081.0
total_counts,28664.0,540.79931640625,561.1787109375,7.0,39.0,153.0,360.9999694824219,736.0,1647.0,7089.99951171875
pct_counts_mt,28664.0,0.0,0.0,0.0,0.0,0.0,0.0,0.0,0.0,0.0
pct_counts_ribo,28664.0,0.0,0.0,0.0,0.0,0.0,0.0,0.0,0.0,0.0
mean_pct_counts_mt,,0.0,,,,,,,,
mean_pct_counts_ribo,,0.0,,,,,,,,
