,count,mean,std,min,5%,25%,50%,75%,95%,max
n_genes_by_counts,26087.0,312.4795492007513,390.9122886541424,4.0,21.0,74.0,176.0,386.0,1108.0,4703.0
total_counts,26087.0,344.62359619140625,553.4979248046875,3.0,18.000011444091797,59.999996185302734,146.99998474121094,381.0,1358.699999999997,9912.0
pct_counts_mt,26087.0,0.0,0.0,0.0,0.0,0.0,0.0,0.0,0.0,0.0
pct_counts_ribo,26087.0,0.0,0.0,0.0,0.0,0.0,0.0,0.0,0.0,0.0
mean_pct_counts_mt,,0.0,,,,,,,,
mean_pct_counts_ribo,,0.0,,,,,,,,
