,count,mean,std,min,5%,25%,50%,75%,95%,max
n_genes_by_counts,100921.0,109.93171886921454,283.65586587009994,2.0,6.0,13.0,23.0,56.0,578.0,7290.0
total_counts,100921.0,341.1820983886719,947.6859741210938,5.0,17.0,25.0,44.0,207.0,1675.0001220703125,37158.99609375
pct_counts_mt,100921.0,0.0,0.0,0.0,0.0,0.0,0.0,0.0,0.0,0.0
pct_counts_ribo,100921.0,0.0,0.0,0.0,0.0,0.0,0.0,0.0,0.0,0.0
mean_pct_counts_mt,,0.0,,,,,,,,
mean_pct_counts_ribo,,0.0,,,,,,,,
