,count,mean,std,min,5%,25%,50%,75%,95%,max
n_genes_by_counts,1778.0,1575.1237345331833,849.5568717408609,498.0,565.0,902.0,1339.5,2106.25,3260.1499999999996,3981.0
total_counts,1778.0,3829.2939453125,968.051025390625,1913.4605712890625,2295.9419555664062,3071.4246215820312,3791.1015625,4629.343017578125,5360.276342773437,5957.7275390625
pct_counts_mt,1778.0,0.0,0.0,0.0,0.0,0.0,0.0,0.0,0.0,0.0
pct_counts_ribo,1778.0,0.0,0.0,0.0,0.0,0.0,0.0,0.0,0.0,0.0
mean_pct_counts_mt,,0.0,,,,,,,,
mean_pct_counts_ribo,,0.0,,,,,,,,
