,count,mean,std,min,5%,25%,50%,75%,95%,max
n_genes_by_counts,100749.0,432.2263248270454,684.5677157967858,1.0,33.0,56.0,123.0,565.0,1693.5999999999913,12018.0
total_counts,100749.0,611.9157104492188,1441.5579833984375,1.0,33.0,53.0,118.0,682.0,2451.5999999999913,85076.0
pct_counts_mt,100749.0,0.0,0.0,0.0,0.0,0.0,0.0,0.0,0.0,0.0
pct_counts_ribo,100749.0,0.0,0.0,0.0,0.0,0.0,0.0,0.0,0.0,0.0
mean_pct_counts_mt,,0.0,,,,,,,,
mean_pct_counts_ribo,,0.0,,,,,,,,
