,count,mean,std,min,5%,25%,50%,75%,95%,max
n_genes_by_counts,12997.0,587.1773486189121,668.7591091656134,1.0,59.0,209.0,353.0,691.0,1961.199999999999,6985.0
total_counts,12997.0,868.6091918945312,1557.8433837890625,1.0,149.0,251.0,414.0,853.9999389648438,3022.199755859374,39254.0
pct_counts_mt,12997.0,0.0,0.0,0.0,0.0,0.0,0.0,0.0,0.0,0.0
pct_counts_ribo,12997.0,0.0,0.0,0.0,0.0,0.0,0.0,0.0,0.0,0.0
mean_pct_counts_mt,,0.0,,,,,,,,
mean_pct_counts_ribo,,0.0,,,,,,,,
