,count,mean,std,min,5%,25%,50%,75%,95%,max
n_genes_by_counts,34304.0,356.42070895522386,381.57679493231535,5.0,25.0,89.0,228.0,493.0,1109.0,8102.0
total_counts,34304.0,378.9701232910156,560.2559814453125,4.999998092651367,20.0,73.9999828338623,201.0,489.9999694824219,1306.0,47492.00390625
pct_counts_mt,34304.0,0.0,0.0,0.0,0.0,0.0,0.0,0.0,0.0,0.0
pct_counts_ribo,34304.0,0.0,0.0,0.0,0.0,0.0,0.0,0.0,0.0,0.0
mean_pct_counts_mt,,0.0,,,,,,,,
mean_pct_counts_ribo,,0.0,,,,,,,,
