,count,mean,std,min,5%,25%,50%,75%,95%,max
n_genes_by_counts,445.0,9956.858426966292,2208.8133825067166,6253.0,7202.6,8056.0,9558.0,11312.0,14365.999999999995,16075.0
total_counts,445.0,55799.4453125,46391.97265625,18578.0,20441.4,25511.998046875,38955.0,65050.0,155984.1999999997,287420.0
pct_counts_mt,445.0,0.0,0.0,0.0,0.0,0.0,0.0,0.0,0.0,0.0
pct_counts_ribo,445.0,0.0,0.0,0.0,0.0,0.0,0.0,0.0,0.0,0.0
mean_pct_counts_mt,,0.0,,,,,,,,
mean_pct_counts_ribo,,0.0,,,,,,,,
