,count,mean,std,min,5%,25%,50%,75%,95%,max
n_genes_by_counts,2820.0,994.2117021276596,1062.9234516846095,1.0,257.0,397.0,594.5,1143.0,3092.749999999996,9840.0
total_counts,2820.0,1770.5999755859375,4138.71435546875,2.0,316.0,439.7499771118164,699.4999694824219,1544.9999084472656,6101.549999999992,72996.0
pct_counts_mt,2820.0,0.0,0.0,0.0,0.0,0.0,0.0,0.0,0.0,0.0
pct_counts_ribo,2820.0,0.0,0.0,0.0,0.0,0.0,0.0,0.0,0.0,0.0
mean_pct_counts_mt,,0.0,,,,,,,,
mean_pct_counts_ribo,,0.0,,,,,,,,
