,count,mean,std,min,5%,25%,50%,75%,95%,max
n_genes_by_counts,100957.0,202.74020622641322,301.58573294837555,3.0,28.0,48.0,73.0,201.0,873.0,3481.0
total_counts,100957.0,258.80108642578125,446.35040283203125,5.999999046325684,34.0,52.0,75.0,231.99998474121094,1168.0,6944.0
pct_counts_mt,100957.0,0.0,0.0,0.0,0.0,0.0,0.0,0.0,0.0,0.0
pct_counts_ribo,100957.0,0.0,0.0,0.0,0.0,0.0,0.0,0.0,0.0,0.0
mean_pct_counts_mt,,0.0,,,,,,,,
mean_pct_counts_ribo,,0.0,,,,,,,,
