,count,mean,std,min,5%,25%,50%,75%,95%,max
n_genes_by_counts,6415.0,1073.9075604053,546.010598305286,301.0,437.70000000000005,637.0,920.0,1451.0,2061.0,4316.0
total_counts,6415.0,776.9577026367188,98.84588623046875,327.51708984375,618.1947937011719,711.3920593261719,776.4282836914062,838.9174499511719,935.7827087402343,1219.757080078125
pct_counts_mt,6415.0,0.0,0.0,0.0,0.0,0.0,0.0,0.0,0.0,0.0
pct_counts_ribo,6415.0,0.0,0.0,0.0,0.0,0.0,0.0,0.0,0.0,0.0
mean_pct_counts_mt,,0.0,,,,,,,,
mean_pct_counts_ribo,,0.0,,,,,,,,
