,count,mean,std,min,5%,25%,50%,75%,95%,max
n_genes_by_counts,5845.0,2644.607356715141,2252.7809471569394,2.0,309.2,583.0,2331.0,4123.0,6762.6,15640.0
total_counts,5845.0,6919.515625,10789.646484375,2.0,462.0,799.0,3957.0,9489.0,21904.0,229807.0
pct_counts_mt,5845.0,0.0,0.0,0.0,0.0,0.0,0.0,0.0,0.0,0.0
pct_counts_ribo,5845.0,0.0,0.0,0.0,0.0,0.0,0.0,0.0,0.0,0.0
mean_pct_counts_mt,,0.0,,,,,,,,
mean_pct_counts_ribo,,0.0,,,,,,,,
