,count,mean,std,min,5%,25%,50%,75%,95%,max
n_genes_by_counts,7490.0,1093.7210947930573,740.2301257849786,301.0,402.45000000000005,563.0,802.0,1458.75,2752.0999999999985,4599.0
total_counts,7490.0,759.8267211914062,113.26100158691406,315.015869140625,588.8410675048829,674.3670806884766,752.0073547363281,840.3596343994141,951.3365844726562,1166.8848876953125
pct_counts_mt,7490.0,0.0,0.0,0.0,0.0,0.0,0.0,0.0,0.0,0.0
pct_counts_ribo,7490.0,0.0,0.0,0.0,0.0,0.0,0.0,0.0,0.0,0.0
mean_pct_counts_mt,,0.0,,,,,,,,
mean_pct_counts_ribo,,0.0,,,,,,,,
