,count,mean,std,min,5%,25%,50%,75%,95%,max
n_genes_by_counts,31580.0,440.4034198860038,450.6033897763596,5.0,30.0,117.0,294.0,615.0,1343.0,7797.0
total_counts,31580.0,487.50701904296875,661.9718017578125,4.0,23.000001907348633,93.99999809265137,262.0000305175781,634.9999389648438,1692.0000061035157,36612.0
pct_counts_mt,31580.0,0.0,0.0,0.0,0.0,0.0,0.0,0.0,0.0,0.0
pct_counts_ribo,31580.0,0.0,0.0,0.0,0.0,0.0,0.0,0.0,0.0,0.0
mean_pct_counts_mt,,0.0,,,,,,,,
mean_pct_counts_ribo,,0.0,,,,,,,,
