,count,mean,std,min,5%,25%,50%,75%,95%,max
n_genes_by_counts,11224.0,2906.6678545972914,1249.0560992478113,509.0,1494.15,1977.0,2641.0,3562.25,5157.700000000001,13026.0
total_counts,11224.0,3306.987060546875,504.9809875488281,833.029541015625,2583.669226074219,2977.8161010742188,3309.6220703125,3609.6403198242188,4058.433142089844,6471.009765625
pct_counts_mt,11224.0,0.0,0.0,0.0,0.0,0.0,0.0,0.0,0.0,0.0
pct_counts_ribo,11224.0,0.0,0.0,0.0,0.0,0.0,0.0,0.0,0.0,0.0
mean_pct_counts_mt,,0.0,,,,,,,,
mean_pct_counts_ribo,,0.0,,,,,,,,
