,count,mean,std,min,5%,25%,50%,75%,95%,max
n_genes_by_counts,5929.0,1927.1875527070333,1316.5241044193242,1.0,262.0,793.0,1855.0,2760.0,4163.199999999999,11257.0
total_counts,5929.0,3322.88671875,3593.337646484375,1.0,257.3999877929688,910.0,2706.0,4693.0,8457.399414062482,80459.0
pct_counts_mt,5929.0,0.0,0.0,0.0,0.0,0.0,0.0,0.0,0.0,0.0
pct_counts_ribo,5929.0,0.0,0.0,0.0,0.0,0.0,0.0,0.0,0.0,0.0
mean_pct_counts_mt,,0.0,,,,,,,,
mean_pct_counts_ribo,,0.0,,,,,,,,
