,count,mean,std,min,5%,25%,50%,75%,95%,max
n_genes_by_counts,49719.0,38.10448721816609,97.26032874355727,1.0,1.0,2.0,3.0,7.0,236.0,2514.0
total_counts,49719.0,35.05410385131836,102.02556610107422,0.9999839663505554,1.0,1.0,2.0,4.999999046325684,210.0,5577.0
pct_counts_mt,49719.0,0.0,0.0,0.0,0.0,0.0,0.0,0.0,0.0,0.0
pct_counts_ribo,49719.0,0.0,0.0,0.0,0.0,0.0,0.0,0.0,0.0,0.0
mean_pct_counts_mt,,0.0,,,,,,,,
mean_pct_counts_ribo,,0.0,,,,,,,,
