,count,mean,std,min,5%,25%,50%,75%,95%,max
n_genes_by_counts,21563.0,561.0713722580346,560.3981487395857,5.0,22.0,128.0,384.0,826.5,1702.0,4558.0
total_counts,21563.0,649.263427734375,791.4547729492188,5.0,17.0,110.0,365.0,899.0,2238.0,9700.0
pct_counts_mt,21563.0,0.0,0.0,0.0,0.0,0.0,0.0,0.0,0.0,0.0
pct_counts_ribo,21563.0,0.0,0.0,0.0,0.0,0.0,0.0,0.0,0.0,0.0
mean_pct_counts_mt,,0.0,,,,,,,,
mean_pct_counts_ribo,,0.0,,,,,,,,
