,count,mean,std,min,5%,25%,50%,75%,95%,max
n_genes_by_counts,1464.0,4923.592896174863,1759.4842680509762,6.0,3315.0,3694.0,4322.0,5515.5,8631.8,13311.0
total_counts,1464.0,12642.58984375,12700.162109375,12.0,5629.15,6564.9996337890625,8400.0,12684.0,34621.54999999998,147894.0
pct_counts_mt,1464.0,0.0,0.0,0.0,0.0,0.0,0.0,0.0,0.0,0.0
pct_counts_ribo,1464.0,0.0,0.0,0.0,0.0,0.0,0.0,0.0,0.0,0.0
mean_pct_counts_mt,,0.0,,,,,,,,
mean_pct_counts_ribo,,0.0,,,,,,,,
