,count,mean,std,min,5%,25%,50%,75%,95%,max
n_genes_by_counts,3478.0,3848.895054629097,1950.9426641724742,3.0,2107.0,2418.25,3170.5,4623.0,8207.15,14741.0
total_counts,3478.0,9074.5009765625,11536.6279296875,6.0,3105.7,3619.9998168945312,5160.0,9232.75,29489.04970703119,199965.015625
pct_counts_mt,3478.0,0.0,0.0,0.0,0.0,0.0,0.0,0.0,0.0,0.0
pct_counts_ribo,3478.0,0.0,0.0,0.0,0.0,0.0,0.0,0.0,0.0,0.0
mean_pct_counts_mt,,0.0,,,,,,,,
mean_pct_counts_ribo,,0.0,,,,,,,,
