,count,mean,std,min,5%,25%,50%,75%,95%,max
n_genes_by_counts,6000.0,383.26733333333334,282.6446529941791,1.0,137.0,189.0,279.0,486.0,981.0500000000002,3393.0
total_counts,6000.0,423.0708312988281,371.1501770019531,2.0,145.0,189.0,279.0,517.2499847412109,1201.0500000000002,6234.0
pct_counts_mt,6000.0,0.0,0.0,0.0,0.0,0.0,0.0,0.0,0.0,0.0
pct_counts_ribo,6000.0,0.0,0.0,0.0,0.0,0.0,0.0,0.0,0.0,0.0
mean_pct_counts_mt,,0.0,,,,,,,,
mean_pct_counts_ribo,,0.0,,,,,,,,
