,count,mean,std,min,5%,25%,50%,75%,95%,max
n_genes_by_counts,9594.0,1446.8562643318742,632.8795745670342,0.0,465.0,961.25,1475.0,1852.0,2475.0,5241.0
total_counts,9594.0,3529.609375,2154.95166015625,0.0,794.1115966796875,1802.8570251464844,3370.299072265625,4694.4462890625,7309.04365234375,25517.20703125
pct_counts_mt,9593.0,0.0,0.0,0.0,0.0,0.0,0.0,0.0,0.0,0.0
pct_counts_ribo,9593.0,0.0,0.0,0.0,0.0,0.0,0.0,0.0,0.0,0.0
mean_pct_counts_mt,,0.0,,,,,,,,
mean_pct_counts_ribo,,0.0,,,,,,,,
