,count,mean,std,min,5%,25%,50%,75%,95%,max
n_genes_by_counts,2255.0,2900.8425720620844,1210.7645752785184,221.0,1427.7,2049.5,2670.0,3542.0,5202.499999999998,9089.0
total_counts,2255.0,3445.3603515625,637.5349731445312,238.20608520507812,2385.3693359375,3139.2806396484375,3477.85205078125,3851.8304443359375,4314.390478515625,4895.23876953125
pct_counts_mt,2255.0,0.0,0.0,0.0,0.0,0.0,0.0,0.0,0.0,0.0
pct_counts_ribo,2255.0,0.0,0.0,0.0,0.0,0.0,0.0,0.0,0.0,0.0
mean_pct_counts_mt,,0.0,,,,,,,,
mean_pct_counts_ribo,,0.0,,,,,,,,
