,count,mean,std,min,5%,25%,50%,75%,95%,max
n_genes_by_counts,4599.0,1342.9971732985432,846.8561234444783,300.0,445.0,702.0,1065.0,1795.5,3146.699999999996,4606.0
total_counts,4599.0,896.6602783203125,164.2627716064453,154.8633575439453,647.0580627441407,771.1959533691406,888.1378173828125,1025.872802734375,1165.7936401367188,1297.63720703125
pct_counts_mt,4599.0,0.0,0.0,0.0,0.0,0.0,0.0,0.0,0.0,0.0
pct_counts_ribo,4599.0,0.0,0.0,0.0,0.0,0.0,0.0,0.0,0.0,0.0
mean_pct_counts_mt,,0.0,,,,,,,,
mean_pct_counts_ribo,,0.0,,,,,,,,
