,count,mean,std,min,5%,25%,50%,75%,95%,max
n_genes_by_counts,100703.0,200.54837492428229,399.4600633835653,2.0,10.0,28.0,54.0,164.0,912.0,9652.0
total_counts,100703.0,464.47320556640625,1023.149169921875,12.0,30.0,48.0,105.0,461.9999694824219,1946.8999999999942,40400.0
pct_counts_mt,100703.0,0.0,0.0,0.0,0.0,0.0,0.0,0.0,0.0,0.0
pct_counts_ribo,100703.0,0.0,0.0,0.0,0.0,0.0,0.0,0.0,0.0,0.0
mean_pct_counts_mt,,0.0,,,,,,,,
mean_pct_counts_ribo,,0.0,,,,,,,,
