,count,mean,std,min,5%,25%,50%,75%,95%,max
n_genes_by_counts,3862.0,1049.4857586742621,608.2655034970791,327.0,429.0,590.0,841.5,1365.5,2249.8499999999995,4543.0
total_counts,3862.0,891.432861328125,140.7103271484375,574.3638916015625,679.9474365234375,778.2540740966797,881.9703369140625,995.7776794433594,1123.327783203125,1398.346435546875
pct_counts_mt,3862.0,0.0,0.0,0.0,0.0,0.0,0.0,0.0,0.0,0.0
pct_counts_ribo,3862.0,0.0,0.0,0.0,0.0,0.0,0.0,0.0,0.0,0.0
mean_pct_counts_mt,,0.0,,,,,,,,
mean_pct_counts_ribo,,0.0,,,,,,,,
