,count,mean,std,min,5%,25%,50%,75%,95%,max
n_genes_by_counts,10347.0,916.0163332366869,586.1195903540167,253.0,380.0,519.0,732.0,1117.0,2056.0,4554.0
total_counts,10347.0,2046.324951171875,661.1727905273438,867.8694458007812,1235.6989013671875,1529.3612060546875,1905.8819580078125,2446.1678466796875,3312.484033203124,4693.54150390625
pct_counts_mt,10347.0,0.0,0.0,0.0,0.0,0.0,0.0,0.0,0.0,0.0
pct_counts_ribo,10347.0,0.0011497926898300648,0.012418519705533981,0.0,0.0,0.0,0.0,0.0,0.0,0.26993754506111145
mean_pct_counts_mt,,0.0,,,,,,,,
mean_pct_counts_ribo,,0.0011497926898300648,,,,,,,,
