,count,mean,std,min,5%,25%,50%,75%,95%,max
n_genes_by_counts,11000.0,1365.947181818182,1173.8758134231305,1.0,176.0,541.0,1084.0,1837.0,3492.0999999999985,12631.0
total_counts,11000.0,2385.032958984375,3578.5029296875,2.0,201.0,643.0,1430.5000610351562,2857.5,7238.349975585932,123198.0078125
pct_counts_mt,11000.0,0.0,0.0,0.0,0.0,0.0,0.0,0.0,0.0,0.0
pct_counts_ribo,11000.0,0.0,0.0,0.0,0.0,0.0,0.0,0.0,0.0,0.0
mean_pct_counts_mt,,0.0,,,,,,,,
mean_pct_counts_ribo,,0.0,,,,,,,,
