,count,mean,std,min,5%,25%,50%,75%,95%,max
n_genes_by_counts,29295.0,376.0514080901178,397.58636737881267,6.0,25.0,95.0,243.0,522.0,1179.0,6727.0
total_counts,29295.0,411.9168701171875,567.1690063476562,4.999998092651367,20.999998092651367,80.0,219.0,533.0,1432.0,32891.0
pct_counts_mt,29295.0,0.0,0.0,0.0,0.0,0.0,0.0,0.0,0.0,0.0
pct_counts_ribo,29295.0,0.0,0.0,0.0,0.0,0.0,0.0,0.0,0.0,0.0
mean_pct_counts_mt,,0.0,,,,,,,,
mean_pct_counts_ribo,,0.0,,,,,,,,
