,count,mean,std,min,5%,25%,50%,75%,95%,max
n_genes_by_counts,339.0,7678.840707964602,1947.3047018301763,3209.0,5313.7,6175.5,7269.0,8617.0,11514.999999999998,13916.0
total_counts,339.0,34090.30859375,28519.14453125,12498.0,13633.3,16665.0,23412.0,38426.998046875,89211.39999999997,183113.984375
pct_counts_mt,339.0,0.0,0.0,0.0,0.0,0.0,0.0,0.0,0.0,0.0
pct_counts_ribo,339.0,0.0,0.0,0.0,0.0,0.0,0.0,0.0,0.0,0.0
mean_pct_counts_mt,,0.0,,,,,,,,
mean_pct_counts_ribo,,0.0,,,,,,,,
