,count,mean,std,min,5%,25%,50%,75%,95%,max
n_genes_by_counts,14298.0,1257.1544271926143,1894.666570575136,1.0,3.0,9.0,25.0,2972.0,4893.15,11245.0
total_counts,14298.0,3605.3134765625,6254.06884765625,0.999998927116394,2.0,7.000001907348633,19.0,7027.2501220703125,15955.449169921874,94104.0
pct_counts_mt,14298.0,0.0,0.0,0.0,0.0,0.0,0.0,0.0,0.0,0.0
pct_counts_ribo,14298.0,0.0,0.0,0.0,0.0,0.0,0.0,0.0,0.0,0.0
mean_pct_counts_mt,,0.0,,,,,,,,
mean_pct_counts_ribo,,0.0,,,,,,,,
