,count,mean,std,min,5%,25%,50%,75%,95%,max
n_genes_by_counts,1502.0,725.9214380825566,655.1610045313723,232.0,340.0,388.0,484.0,703.0,2216.600000000002,4416.0
total_counts,1502.0,1678.682373046875,669.2567749023438,750.7006225585938,1111.44951171875,1242.3988952636719,1440.4481201171875,1813.1674499511719,3266.463745117188,4278.33203125
pct_counts_mt,1502.0,0.0,0.0,0.0,0.0,0.0,0.0,0.0,0.0,0.0
pct_counts_ribo,1502.0,0.002354622120037675,0.02121303789317608,0.0,0.0,0.0,0.0,0.0,0.0,0.27038300037384033
mean_pct_counts_mt,,0.0,,,,,,,,
mean_pct_counts_ribo,,0.002354622120037675,,,,,,,,
