,count,mean,std,min,5%,25%,50%,75%,95%,max
n_genes_by_counts,34879.0,309.44832133948796,337.1725168407314,3.0,22.0,75.0,193.0,424.0,994.0999999999985,5649.0
total_counts,34879.0,329.17742919921875,443.9979553222656,3.0,17.999998092651367,63.0,173.00001525878906,422.99998474121094,1165.0,19411.0
pct_counts_mt,34879.0,0.0,0.0,0.0,0.0,0.0,0.0,0.0,0.0,0.0
pct_counts_ribo,34879.0,0.0,0.0,0.0,0.0,0.0,0.0,0.0,0.0,0.0
mean_pct_counts_mt,,0.0,,,,,,,,
mean_pct_counts_ribo,,0.0,,,,,,,,
