,count,mean,std,min,5%,25%,50%,75%,95%,max
n_genes_by_counts,3319.0,1524.6083157577584,964.2815086121175,13.0,325.0,738.0,1315.0,2131.0,3391.2,5432.0
total_counts,3319.0,4357.78955078125,3904.68017578125,63.0,789.23349609375,1502.0863037109375,3022.78173828125,5699.494384765625,12616.950097656249,26151.09375
pct_counts_mt,3319.0,0.0,0.0,0.0,0.0,0.0,0.0,0.0,0.0,0.0
pct_counts_ribo,3319.0,0.0,0.0,0.0,0.0,0.0,0.0,0.0,0.0,0.0
mean_pct_counts_mt,,0.0,,,,,,,,
mean_pct_counts_ribo,,0.0,,,,,,,,
