,count,mean,std,min,5%,25%,50%,75%,95%,max
n_genes_by_counts,7499.0,1846.438725163355,1093.7298533354183,1.0,313.0,946.0,1812.0,2543.5,3714.0,9988.0
total_counts,7499.0,3998.646728515625,3482.136962890625,1.0,306.9999694824219,1329.5,3206.0,5687.999755859375,10446.300097656249,47554.0
pct_counts_mt,7499.0,0.0,0.0,0.0,0.0,0.0,0.0,0.0,0.0,0.0
pct_counts_ribo,7499.0,0.0,0.0,0.0,0.0,0.0,0.0,0.0,0.0,0.0
mean_pct_counts_mt,,0.0,,,,,,,,
mean_pct_counts_ribo,,0.0,,,,,,,,
