,count,mean,std,min,5%,25%,50%,75%,95%,max
n_genes_by_counts,5354.0,908.4945834889802,539.33736601964,302.0,391.0,502.0,665.0,1236.0,1969.3499999999995,4205.0
total_counts,5354.0,732.5516357421875,106.02572631835938,354.25848388671875,563.0594940185547,660.2868957519531,728.0364990234375,801.8506317138672,913.110327148437,1205.318115234375
pct_counts_mt,5354.0,0.0,0.0,0.0,0.0,0.0,0.0,0.0,0.0,0.0
pct_counts_ribo,5354.0,0.0,0.0,0.0,0.0,0.0,0.0,0.0,0.0,0.0
mean_pct_counts_mt,,0.0,,,,,,,,
mean_pct_counts_ribo,,0.0,,,,,,,,
