,count,mean,std,min,5%,25%,50%,75%,95%,max
n_genes_by_counts,21268.0,636.7236693624225,706.0729224290532,3.0,15.0,66.0,374.0,1006.0,2058.649999999998,5485.0
total_counts,21268.0,804.92919921875,1085.6561279296875,7.999999046325684,14.0,59.0,364.0,1155.0,2965.0,14033.0
pct_counts_mt,21268.0,0.0,0.0,0.0,0.0,0.0,0.0,0.0,0.0,0.0
pct_counts_ribo,21268.0,0.0,0.0,0.0,0.0,0.0,0.0,0.0,0.0,0.0
mean_pct_counts_mt,,0.0,,,,,,,,
mean_pct_counts_ribo,,0.0,,,,,,,,
