,count,mean,std,min,5%,25%,50%,75%,95%,max
n_genes_by_counts,8342.0,1720.5098297770319,1231.183156104935,1.0,350.0,625.0,1567.0,2408.75,4018.699999999999,9262.0
total_counts,8342.0,2942.431640625,3175.705322265625,3.0,357.0,686.0,2169.0,3990.75,8459.599999999999,45873.0
pct_counts_mt,8342.0,0.0,0.0,0.0,0.0,0.0,0.0,0.0,0.0,0.0
pct_counts_ribo,8342.0,0.0,0.0,0.0,0.0,0.0,0.0,0.0,0.0,0.0
mean_pct_counts_mt,,0.0,,,,,,,,
mean_pct_counts_ribo,,0.0,,,,,,,,
