,count,mean,std,min,5%,25%,50%,75%,95%,max
n_genes_by_counts,3718.0,3589.6780527165142,1700.5654774615432,558.0,1708.0,2328.0,3189.5,4433.0,6780.15,12819.0
total_counts,3718.0,3328.4599609375,530.9320068359375,494.2046203613281,2483.8235717773437,3024.0313110351562,3361.8731689453125,3663.8275146484375,4125.492822265624,4780.7880859375
pct_counts_mt,3718.0,0.0,0.0,0.0,0.0,0.0,0.0,0.0,0.0,0.0
pct_counts_ribo,3718.0,0.0,0.0,0.0,0.0,0.0,0.0,0.0,0.0,0.0
mean_pct_counts_mt,,0.0,,,,,,,,
mean_pct_counts_ribo,,0.0,,,,,,,,
