,count,mean,std,min,5%,25%,50%,75%,95%,max
n_genes_by_counts,15811.0,158.08879893744862,183.96083262389553,1.0,14.0,42.0,102.0,204.0,504.0,2458.0
total_counts,15811.0,145.46714782714844,230.00660705566406,1.0,11.999984741210938,31.999996185302734,72.0,160.99998474121094,534.0,4113.0
pct_counts_mt,15811.0,0.0,0.0,0.0,0.0,0.0,0.0,0.0,0.0,0.0
pct_counts_ribo,15811.0,0.0,0.0,0.0,0.0,0.0,0.0,0.0,0.0,0.0
mean_pct_counts_mt,,0.0,,,,,,,,
mean_pct_counts_ribo,,0.0,,,,,,,,
