,count,mean,std,min,5%,25%,50%,75%,95%,max
n_genes_by_counts,7605.0,1015.9925049309664,671.7055198827261,298.0,384.0,530.0,756.0,1288.0,2479.5999999999985,4167.0
total_counts,7605.0,770.0443725585938,148.12815856933594,173.14381408691406,524.1956909179687,670.6007080078125,763.2257690429688,871.0241088867188,1022.4252685546871,1251.1014404296875
pct_counts_mt,7605.0,0.0,0.0,0.0,0.0,0.0,0.0,0.0,0.0,0.0
pct_counts_ribo,7605.0,0.0,0.0,0.0,0.0,0.0,0.0,0.0,0.0,0.0
mean_pct_counts_mt,,0.0,,,,,,,,
mean_pct_counts_ribo,,0.0,,,,,,,,
