,count,mean,std,min,5%,25%,50%,75%,95%,max
n_genes_by_counts,1948.0,1845.255133470226,982.8232072463155,361.0,563.35,1080.0,1648.5,2427.25,3729.4999999999986,5099.0
total_counts,1948.0,1053.159912109375,152.22689819335938,608.66357421875,778.91796875,951.4813995361328,1055.3842163085938,1162.88330078125,1292.1711730957031,1448.78271484375
pct_counts_mt,1948.0,0.0,0.0,0.0,0.0,0.0,0.0,0.0,0.0,0.0
pct_counts_ribo,1948.0,0.0,0.0,0.0,0.0,0.0,0.0,0.0,0.0,0.0
mean_pct_counts_mt,,0.0,,,,,,,,
mean_pct_counts_ribo,,0.0,,,,,,,,
