,count,mean,std,min,5%,25%,50%,75%,95%,max
n_genes_by_counts,11185.0,259.6678587393831,449.3559919499912,2.0,13.0,37.0,104.0,263.0,1099.7999999999993,5993.0
total_counts,11185.0,309.3445739746094,776.5372314453125,2.0,10.999998092651367,27.999998092651367,83.00000762939453,255.99996948242188,1369.7999023437492,31557.0
pct_counts_mt,11185.0,0.0,0.0,0.0,0.0,0.0,0.0,0.0,0.0,0.0
pct_counts_ribo,11185.0,0.0,0.0,0.0,0.0,0.0,0.0,0.0,0.0,0.0
mean_pct_counts_mt,,0.0,,,,,,,,
mean_pct_counts_ribo,,0.0,,,,,,,,
