,count,mean,std,min,5%,25%,50%,75%,95%,max
n_genes_by_counts,3261.0,1407.1471941122354,923.4938893156364,321.0,507.0,787.0,1061.0,1702.0,3497.0,5533.0
total_counts,3261.0,931.9115600585938,132.34194946289062,554.8262329101562,717.6315307617188,840.4859008789062,923.9154052734375,1019.6083374023438,1164.8868408203125,1349.474365234375
pct_counts_mt,3261.0,0.0,0.0,0.0,0.0,0.0,0.0,0.0,0.0,0.0
pct_counts_ribo,3261.0,0.0,0.0,0.0,0.0,0.0,0.0,0.0,0.0,0.0
mean_pct_counts_mt,,0.0,,,,,,,,
mean_pct_counts_ribo,,0.0,,,,,,,,
