,count,mean,std,min,5%,25%,50%,75%,95%,max
n_genes_by_counts,30187.0,317.1941232981085,361.6875473115686,4.0,23.0,76.0,192.0,423.0,1040.699999999997,7075.0
total_counts,30187.0,330.9261474609375,476.6282043457031,4.0,18.0,61.0,164.0,408.0,1206.699999999997,13279.0
pct_counts_mt,30187.0,0.0,0.0,0.0,0.0,0.0,0.0,0.0,0.0,0.0
pct_counts_ribo,30187.0,0.0,0.0,0.0,0.0,0.0,0.0,0.0,0.0,0.0
mean_pct_counts_mt,,0.0,,,,,,,,
mean_pct_counts_ribo,,0.0,,,,,,,,
