,count,mean,std,min,5%,25%,50%,75%,95%,max
n_genes_by_counts,3140.0,1318.274203821656,707.1839209794799,0.0,487.90000000000003,815.0,1151.5,1670.5,2642.0,6502.0
total_counts,3140.0,3050.177978515625,2539.552734375,0.0,726.3916259765625,1424.7528686523438,2318.14111328125,3897.8359985351562,7619.901318359361,31213.05859375
pct_counts_mt,3139.0,0.0,0.0,0.0,0.0,0.0,0.0,0.0,0.0,0.0
pct_counts_ribo,3139.0,0.0,0.0,0.0,0.0,0.0,0.0,0.0,0.0,0.0
mean_pct_counts_mt,,0.0,,,,,,,,
mean_pct_counts_ribo,,0.0,,,,,,,,
