,count,mean,std,min,5%,25%,50%,75%,95%,max
n_genes_by_counts,1783.0,3770.7206954570947,1102.148233634509,1887.0,2554.5,3040.0,3463.0,4246.5,6006.2999999999965,9468.0
total_counts,1783.0,8169.1767578125,4088.572509765625,4275.0,5040.1,5717.999755859375,6809.0,9204.5,15659.599121093728,43801.0
pct_counts_mt,1783.0,0.0,0.0,0.0,0.0,0.0,0.0,0.0,0.0,0.0
pct_counts_ribo,1783.0,0.0,0.0,0.0,0.0,0.0,0.0,0.0,0.0,0.0
mean_pct_counts_mt,,0.0,,,,,,,,
mean_pct_counts_ribo,,0.0,,,,,,,,
