,count,mean,std,min,5%,25%,50%,75%,95%,max
n_genes_by_counts,394.0,2537.520304568528,1168.1196110824126,515.0,796.15,1791.0,2324.0,3110.0,4941.95,7478.0
total_counts,394.0,2119.69921875,530.1311645507812,734.4039916992188,1222.825830078125,1812.1397705078125,2094.7039794921875,2422.4885864257812,3034.26103515625,3508.17578125
pct_counts_mt,394.0,0.0,0.0,0.0,0.0,0.0,0.0,0.0,0.0,0.0
pct_counts_ribo,394.0,0.0,0.0,0.0,0.0,0.0,0.0,0.0,0.0,0.0
mean_pct_counts_mt,,0.0,,,,,,,,
mean_pct_counts_ribo,,0.0,,,,,,,,
