,count,mean,std,min,5%,25%,50%,75%,95%,max
n_genes_by_counts,95427.0,93.86222976725665,327.3266029903469,1.0,3.0,7.0,18.0,50.0,373.0,8023.0
total_counts,95427.0,167.70547485351562,797.700439453125,0.999998927116394,3.0,8.0,23.0,65.0,578.0,31181.001953125
pct_counts_mt,95427.0,0.0,0.0,0.0,0.0,0.0,0.0,0.0,0.0,0.0
pct_counts_ribo,95427.0,0.0,0.0,0.0,0.0,0.0,0.0,0.0,0.0,0.0
mean_pct_counts_mt,,0.0,,,,,,,,
mean_pct_counts_ribo,,0.0,,,,,,,,
