,count,mean,std,min,5%,25%,50%,75%,95%,max
n_genes_by_counts,26950.0,615.3920222634508,566.0997936852071,5.0,46.0,198.0,454.0,866.0,1728.0,6198.0
total_counts,26950.0,647.2369384765625,750.5519409179688,5.999998092651367,34.999996185302734,159.99998474121094,404.9999694824219,864.9999847412109,2059.0,13184.0
pct_counts_mt,26950.0,0.0,0.0,0.0,0.0,0.0,0.0,0.0,0.0,0.0
pct_counts_ribo,26950.0,0.0,0.0,0.0,0.0,0.0,0.0,0.0,0.0,0.0
mean_pct_counts_mt,,0.0,,,,,,,,
mean_pct_counts_ribo,,0.0,,,,,,,,
