,count,mean,std,min,5%,25%,50%,75%,95%,max
n_genes_by_counts,10999.0,333.3503954904991,378.32595237299347,1.0,33.0,127.0,227.0,406.0,951.0,5478.0
total_counts,10999.0,618.098388671875,884.885498046875,1.0,177.0,279.0,410.0,666.4999694824219,1619.200109863282,27403.0
pct_counts_mt,10999.0,0.0,0.0,0.0,0.0,0.0,0.0,0.0,0.0,0.0
pct_counts_ribo,10999.0,0.0,0.0,0.0,0.0,0.0,0.0,0.0,0.0,0.0
mean_pct_counts_mt,,0.0,,,,,,,,
mean_pct_counts_ribo,,0.0,,,,,,,,
