,count,mean,std,min,5%,25%,50%,75%,95%,max
n_genes_by_counts,52534.0,38.98020329691248,113.53733595537436,1.0,1.0,2.0,3.0,6.0,257.0,1890.0
total_counts,52534.0,34.87324523925781,115.2018814086914,0.9999359250068665,1.0,1.0,2.0,4.0,215.99998474121094,2788.0
pct_counts_mt,52534.0,0.0,0.0,0.0,0.0,0.0,0.0,0.0,0.0,0.0
pct_counts_ribo,52534.0,0.0,0.0,0.0,0.0,0.0,0.0,0.0,0.0,0.0
mean_pct_counts_mt,,0.0,,,,,,,,
mean_pct_counts_ribo,,0.0,,,,,,,,
