,count,mean,std,min,5%,25%,50%,75%,95%,max
n_genes_by_counts,3188.0,3492.6088456712673,2738.918709620148,1.0,1006.0,1615.75,2514.5,4385.5,9688.249999999998,17544.0
total_counts,3188.0,9845.638671875,20755.525390625,3.0,1244.6999572753907,2197.0,3943.4998779296875,8612.5,38449.951367187445,434144.0
pct_counts_mt,3188.0,0.0,0.0,0.0,0.0,0.0,0.0,0.0,0.0,0.0
pct_counts_ribo,3188.0,0.0,0.0,0.0,0.0,0.0,0.0,0.0,0.0,0.0
mean_pct_counts_mt,,0.0,,,,,,,,
mean_pct_counts_ribo,,0.0,,,,,,,,
