,count,mean,std,min,5%,25%,50%,75%,95%,max
n_genes_by_counts,4856.0,1496.3842668863263,1060.755070533151,3.0,233.0,528.75,1401.5,2236.25,3367.0,8653.0
total_counts,4856.0,2937.485107421875,2854.919677734375,8.0,241.0,688.0,2147.5,4312.99951171875,8565.249755859375,24215.0
pct_counts_mt,4856.0,0.0,0.0,0.0,0.0,0.0,0.0,0.0,0.0,0.0
pct_counts_ribo,4856.0,0.0,0.0,0.0,0.0,0.0,0.0,0.0,0.0,0.0
mean_pct_counts_mt,,0.0,,,,,,,,
mean_pct_counts_ribo,,0.0,,,,,,,,
