,count,mean,std,min,5%,25%,50%,75%,95%,max
n_genes_by_counts,4294.0,2505.8835584536564,1583.9910523117505,2.0,909.65,1376.25,2042.0,3193.0,5642.049999999999,13738.0
total_counts,4294.0,4570.15283203125,5109.16357421875,4.0,1180.0,1861.7499694824219,3087.9998779296875,5373.9996337890625,12314.05,111757.9921875
pct_counts_mt,4294.0,0.0,0.0,0.0,0.0,0.0,0.0,0.0,0.0,0.0
pct_counts_ribo,4294.0,0.0,0.0,0.0,0.0,0.0,0.0,0.0,0.0,0.0
mean_pct_counts_mt,,0.0,,,,,,,,
mean_pct_counts_ribo,,0.0,,,,,,,,
