,count,mean,std,min,5%,25%,50%,75%,95%,max
n_genes_by_counts,7081.0,1017.0793673209998,514.3143992997448,301.0,404.0,604.0,916.0,1310.0,1997.0,4157.0
total_counts,7081.0,789.2008666992188,110.42572784423828,378.14208984375,597.2883911132812,712.1250610351562,794.1409912109375,868.84228515625,962.9133911132812,1172.0157470703125
pct_counts_mt,7081.0,0.0,0.0,0.0,0.0,0.0,0.0,0.0,0.0,0.0
pct_counts_ribo,7081.0,0.0,0.0,0.0,0.0,0.0,0.0,0.0,0.0,0.0
mean_pct_counts_mt,,0.0,,,,,,,,
mean_pct_counts_ribo,,0.0,,,,,,,,
