,count,mean,std,min,5%,25%,50%,75%,95%,max
n_genes_by_counts,25949.0,549.2565416779066,555.0326900326303,2.0,21.0,118.0,363.0,821.0,1680.0,5940.0
total_counts,25949.0,685.6685180664062,830.1531372070312,6.0,20.0,114.99999237060547,375.0,959.9999389648438,2364.5999023437485,16706.0
pct_counts_mt,25949.0,0.0,0.0,0.0,0.0,0.0,0.0,0.0,0.0,0.0
pct_counts_ribo,25949.0,0.0,0.0,0.0,0.0,0.0,0.0,0.0,0.0,0.0
mean_pct_counts_mt,,0.0,,,,,,,,
mean_pct_counts_ribo,,0.0,,,,,,,,
