,count,mean,std,min,5%,25%,50%,75%,95%,max
n_genes_by_counts,5666.0,1666.1685492410872,1013.2227327178801,342.0,506.0,826.0,1410.0,2273.75,3665.5,5338.0
total_counts,5666.0,976.6128540039062,145.79843139648438,511.6257019042969,727.9182739257812,866.7837677001953,994.9087219238281,1077.3753051757812,1215.15625,1347.47265625
pct_counts_mt,5666.0,0.0,0.0,0.0,0.0,0.0,0.0,0.0,0.0,0.0
pct_counts_ribo,5666.0,0.0,0.0,0.0,0.0,0.0,0.0,0.0,0.0,0.0
mean_pct_counts_mt,,0.0,,,,,,,,
mean_pct_counts_ribo,,0.0,,,,,,,,
