,count,mean,std,min,5%,25%,50%,75%,95%,max
n_genes_by_counts,12927.0,976.4025682679662,647.2342332114247,206.0,387.0,579.0,795.0,1137.5,2281.1999999999935,4596.0
total_counts,12927.0,2087.805908203125,649.0053100585938,610.5736083984375,1240.62236328125,1626.4013671875,1982.31640625,2408.14501953125,3414.349829101561,4544.87548828125
pct_counts_mt,12927.0,0.0,0.0,0.0,0.0,0.0,0.0,0.0,0.0,0.0
pct_counts_ribo,12927.0,0.002249601064249873,0.016656219959259033,0.0,0.0,0.0,0.0,0.0,0.0,0.2644330561161041
mean_pct_counts_mt,,0.0,,,,,,,,
mean_pct_counts_ribo,,0.002249601064249873,,,,,,,,
