,count,mean,std,min,5%,25%,50%,75%,95%,max
n_genes_by_counts,12989.0,1757.8946801139425,1116.1137980319268,1.0,267.4000000000001,947.0,1639.0,2373.0,3772.0,12341.0
total_counts,12989.0,2745.346435546875,2519.226318359375,1.0,358.0,1093.0,2153.999755859375,3639.0,7161.9998046874925,76794.0
pct_counts_mt,12989.0,0.0,0.0,0.0,0.0,0.0,0.0,0.0,0.0,0.0
pct_counts_ribo,12989.0,0.0,0.0,0.0,0.0,0.0,0.0,0.0,0.0,0.0
mean_pct_counts_mt,,0.0,,,,,,,,
mean_pct_counts_ribo,,0.0,,,,,,,,
