,count,mean,std,min,5%,25%,50%,75%,95%,max
n_genes_by_counts,11874.0,1494.4707764864409,746.4155054841827,304.0,527.0,891.0,1350.0,1985.0,2867.0,4970.0
total_counts,11874.0,921.6272583007812,113.16255187988281,513.9090576171875,714.5212005615234,848.37646484375,932.6444396972656,1002.7078247070312,1086.2246398925781,1354.4453125
pct_counts_mt,11874.0,0.0,0.0,0.0,0.0,0.0,0.0,0.0,0.0,0.0
pct_counts_ribo,11874.0,0.0,0.0,0.0,0.0,0.0,0.0,0.0,0.0,0.0
mean_pct_counts_mt,,0.0,,,,,,,,
mean_pct_counts_ribo,,0.0,,,,,,,,
