,count,mean,std,min,5%,25%,50%,75%,95%,max
n_genes_by_counts,100703.0,200.54979494156083,399.4598313713663,2.0,10.0,28.0,54.0,164.0,912.0,9651.0
total_counts,100703.0,464.47393798828125,1023.1563720703125,12.0,30.0,48.0,105.0,461.9999694824219,1946.9000122070254,40393.0
pct_counts_mt,100703.0,0.0,0.0,0.0,0.0,0.0,0.0,0.0,0.0,0.0
pct_counts_ribo,100703.0,0.0,0.0,0.0,0.0,0.0,0.0,0.0,0.0,0.0
mean_pct_counts_mt,,0.0,,,,,,,,
mean_pct_counts_ribo,,0.0,,,,,,,,
