,count,mean,std,min,5%,25%,50%,75%,95%,max
n_genes_by_counts,12975.0,1361.4305973025048,977.2019954358642,1.0,179.0,444.5,1289.0,1957.0,3135.5999999999985,6311.0
total_counts,12975.0,2083.8408203125,1868.2137451171875,0.999998927116394,291.0,636.0,1633.0,2850.0,5639.999853515617,21978.0
pct_counts_mt,12975.0,0.0,0.0,0.0,0.0,0.0,0.0,0.0,0.0,0.0
pct_counts_ribo,12975.0,0.0,0.0,0.0,0.0,0.0,0.0,0.0,0.0,0.0
mean_pct_counts_mt,,0.0,,,,,,,,
mean_pct_counts_ribo,,0.0,,,,,,,,
