,count,mean,std,min,5%,25%,50%,75%,95%,max
n_genes_by_counts,2229.0,3290.5975773889636,1283.4121790666218,513.0,1445.4,2374.0,3121.0,4076.0,5608.199999999999,9068.0
total_counts,2229.0,3148.92822265625,589.7978515625,753.3073120117188,1889.6130126953126,2887.130859375,3266.894287109375,3538.671142578125,3900.32255859375,4504.765625
pct_counts_mt,2229.0,0.0,0.0,0.0,0.0,0.0,0.0,0.0,0.0,0.0
pct_counts_ribo,2229.0,0.0,0.0,0.0,0.0,0.0,0.0,0.0,0.0,0.0
mean_pct_counts_mt,,0.0,,,,,,,,
mean_pct_counts_ribo,,0.0,,,,,,,,
