,count,mean,std,min,5%,25%,50%,75%,95%,max
n_genes_by_counts,7742.0,1307.641048824593,1213.4763380806412,1.0,134.0,295.0,941.5,2028.75,3559.8999999999996,9384.0
total_counts,7742.0,2504.278076171875,3063.155029296875,2.0,363.0,595.0,1449.0,3395.9999389648438,7676.749999999999,46728.0
pct_counts_mt,7742.0,0.0,0.0,0.0,0.0,0.0,0.0,0.0,0.0,0.0
pct_counts_ribo,7742.0,0.0,0.0,0.0,0.0,0.0,0.0,0.0,0.0,0.0
mean_pct_counts_mt,,0.0,,,,,,,,
mean_pct_counts_ribo,,0.0,,,,,,,,
