,count,mean,std,min,5%,25%,50%,75%,95%,max
n_genes_by_counts,4000.0,1119.85575,897.8518588453474,2.0,326.0,440.0,775.5,1569.25,2947.0,8248.0
total_counts,4000.0,1863.80224609375,2252.296875,3.0,400.0,530.0,1007.4999694824219,2373.25,5922.599999999997,41532.00390625
pct_counts_mt,4000.0,0.0,0.0,0.0,0.0,0.0,0.0,0.0,0.0,0.0
pct_counts_ribo,4000.0,0.0,0.0,0.0,0.0,0.0,0.0,0.0,0.0,0.0
mean_pct_counts_mt,,0.0,,,,,,,,
mean_pct_counts_ribo,,0.0,,,,,,,,
