,count,mean,std,min,5%,25%,50%,75%,95%,max
n_genes_by_counts,5998.0,176.68856285428475,317.42650041253756,1.0,10.0,34.0,76.5,200.0,594.0,5442.0
total_counts,5998.0,251.49732971191406,535.3512573242188,1.0,42.0,70.0,116.99999237060547,255.99998474121094,726.2999999999993,13660.0
pct_counts_mt,5998.0,0.0,0.0,0.0,0.0,0.0,0.0,0.0,0.0,0.0
pct_counts_ribo,5998.0,0.0,0.0,0.0,0.0,0.0,0.0,0.0,0.0,0.0
mean_pct_counts_mt,,0.0,,,,,,,,
mean_pct_counts_ribo,,0.0,,,,,,,,
