,count,mean,std,min,5%,25%,50%,75%,95%,max
n_genes_by_counts,8993.0,1490.2493050150117,837.9722884245633,2.0,610.0,805.0,1286.0,1973.0,3034.7999999999993,9007.0
total_counts,8993.0,2354.744873046875,2014.8961181640625,2.0,682.0,951.0,1721.9998779296875,3143.999755859375,5932.4,46063.0
pct_counts_mt,8993.0,0.0,0.0,0.0,0.0,0.0,0.0,0.0,0.0,0.0
pct_counts_ribo,8993.0,0.0,0.0,0.0,0.0,0.0,0.0,0.0,0.0,0.0
mean_pct_counts_mt,,0.0,,,,,,,,
mean_pct_counts_ribo,,0.0,,,,,,,,
