,count,mean,std,min,5%,25%,50%,75%,95%,max
n_genes_by_counts,1111.0,1501.884788478848,976.3524679485897,304.0,501.5,845.0,1186.0,1881.0,3683.0,5808.0
total_counts,1111.0,1021.099365234375,160.27796936035156,521.720458984375,743.1094665527344,920.3165588378906,1015.2684936523438,1128.0311889648438,1297.7718505859375,1460.380615234375
pct_counts_mt,1111.0,0.0,0.0,0.0,0.0,0.0,0.0,0.0,0.0,0.0
pct_counts_ribo,1111.0,0.0,0.0,0.0,0.0,0.0,0.0,0.0,0.0,0.0
mean_pct_counts_mt,,0.0,,,,,,,,
mean_pct_counts_ribo,,0.0,,,,,,,,
