,count,mean,std,min,5%,25%,50%,75%,95%,max
n_genes_by_counts,3993.0,2675.748309541698,1043.946933715311,2.0,1630.0,1963.0,2416.0,3041.0,4690.599999999997,13047.0
total_counts,3993.0,4779.88671875,4157.5283203125,6.0,2406.6,2984.0,3865.999755859375,5287.0,9897.199999999992,159281.0
pct_counts_mt,3993.0,0.0,0.0,0.0,0.0,0.0,0.0,0.0,0.0,0.0
pct_counts_ribo,3993.0,0.0,0.0,0.0,0.0,0.0,0.0,0.0,0.0,0.0
mean_pct_counts_mt,,0.0,,,,,,,,
mean_pct_counts_ribo,,0.0,,,,,,,,
