,count,mean,std,min,5%,25%,50%,75%,95%,max
n_genes_by_counts,10998.0,263.9147117657756,339.96141135071343,1.0,47.85000000000002,113.0,180.0,300.0,671.0,6063.0
total_counts,10998.0,480.1506652832031,893.5471801757812,1.0,169.0,239.99998474121094,317.0,464.0,1067.1499999999996,24387.998046875
pct_counts_mt,10998.0,0.0,0.0,0.0,0.0,0.0,0.0,0.0,0.0,0.0
pct_counts_ribo,10998.0,0.0,0.0,0.0,0.0,0.0,0.0,0.0,0.0,0.0
mean_pct_counts_mt,,0.0,,,,,,,,
mean_pct_counts_ribo,,0.0,,,,,,,,
