,count,mean,std,min,5%,25%,50%,75%,95%,max
n_genes_by_counts,4712.0,1101.4274193548388,672.0186593966337,346.0,457.0,674.0,867.0,1275.25,2609.8999999999996,4628.0
total_counts,4712.0,874.0704345703125,115.12960815429688,412.71868896484375,687.9364318847656,792.6837005615234,866.5425109863281,960.2100524902344,1068.9037536621092,1228.2855224609375
pct_counts_mt,4712.0,0.0,0.0,0.0,0.0,0.0,0.0,0.0,0.0,0.0
pct_counts_ribo,4712.0,0.0,0.0,0.0,0.0,0.0,0.0,0.0,0.0,0.0
mean_pct_counts_mt,,0.0,,,,,,,,
mean_pct_counts_ribo,,0.0,,,,,,,,
