,count,mean,std,min,5%,25%,50%,75%,95%,max
n_genes_by_counts,1949.0,3399.496151872755,1563.4806969527674,960.0,1629.8,2173.0,2941.0,4406.0,6397.0,9174.0
total_counts,1949.0,3225.609619140625,447.6324768066406,1797.5225830078125,2505.850048828125,2918.14990234375,3222.00048828125,3535.492431640625,3959.789453125,4693.65380859375
pct_counts_mt,1949.0,0.0,0.0,0.0,0.0,0.0,0.0,0.0,0.0,0.0
pct_counts_ribo,1949.0,0.0,0.0,0.0,0.0,0.0,0.0,0.0,0.0,0.0
mean_pct_counts_mt,,0.0,,,,,,,,
mean_pct_counts_ribo,,0.0,,,,,,,,
