,count,mean,std,min,5%,25%,50%,75%,95%,max
n_genes_by_counts,10760.0,2251.221933085502,1427.5179377477787,1.0,584.0,985.0,2040.5,3171.0,4831.199999999997,10347.0
total_counts,10760.0,4340.4619140625,4013.93701171875,2.0,910.9499450683594,1467.7499084472656,3145.0,5896.4998779296875,11526.099023437499,64143.0
pct_counts_mt,10760.0,0.0,0.0,0.0,0.0,0.0,0.0,0.0,0.0,0.0
pct_counts_ribo,10760.0,0.0,0.0,0.0,0.0,0.0,0.0,0.0,0.0,0.0
mean_pct_counts_mt,,0.0,,,,,,,,
mean_pct_counts_ribo,,0.0,,,,,,,,
