,count,mean,std,min,5%,25%,50%,75%,95%,max
n_genes_by_counts,53637.0,57.217610977496875,148.83303253030067,1.0,1.0,2.0,3.0,11.0,345.0,3871.0
total_counts,53637.0,53.11919021606445,167.5144805908203,0.9999918937683105,1.0,1.999998927116394,2.9999988079071045,7.0,300.0000061035156,9210.0
pct_counts_mt,53637.0,0.0,0.0,0.0,0.0,0.0,0.0,0.0,0.0,0.0
pct_counts_ribo,53637.0,0.0,0.0,0.0,0.0,0.0,0.0,0.0,0.0,0.0
mean_pct_counts_mt,,0.0,,,,,,,,
mean_pct_counts_ribo,,0.0,,,,,,,,
