,count,mean,std,min,5%,25%,50%,75%,95%,max
n_genes_by_counts,10967.0,171.2621500866235,282.99859335485445,1.0,19.0,34.0,64.0,165.0,772.0,2934.0
total_counts,10967.0,229.6929931640625,411.38507080078125,0.999998927116394,21.0,44.999996185302734,93.0,217.0,961.0999999999967,5389.0
pct_counts_mt,10967.0,0.0,0.0,0.0,0.0,0.0,0.0,0.0,0.0,0.0
pct_counts_ribo,10967.0,0.0,0.0,0.0,0.0,0.0,0.0,0.0,0.0,0.0
mean_pct_counts_mt,,0.0,,,,,,,,
mean_pct_counts_ribo,,0.0,,,,,,,,
