,count,mean,std,min,5%,25%,50%,75%,95%,max
n_genes_by_counts,100959.0,424.4464287483038,563.7791340439081,5.0,43.0,88.0,229.0,543.0,1411.0,10347.0
total_counts,100959.0,574.5563354492188,1091.871337890625,14.0,42.0,86.0,256.0,666.5,1990.9998901367187,55530.0
pct_counts_mt,100959.0,0.0,0.0,0.0,0.0,0.0,0.0,0.0,0.0,0.0
pct_counts_ribo,100959.0,0.0,0.0,0.0,0.0,0.0,0.0,0.0,0.0,0.0
mean_pct_counts_mt,,0.0,,,,,,,,
mean_pct_counts_ribo,,0.0,,,,,,,,
