,count,mean,std,min,5%,25%,50%,75%,95%,max
n_genes_by_counts,12997.0,424.96560744787257,454.51885220904694,1.0,108.0,193.0,284.0,468.0,1240.199999999999,7025.0
total_counts,12997.0,493.7202453613281,613.8477172851562,2.0,155.0,217.99998474121094,305.0,505.9999694824219,1476.2000732421864,13229.0
pct_counts_mt,12997.0,0.0,0.0,0.0,0.0,0.0,0.0,0.0,0.0,0.0
pct_counts_ribo,12997.0,0.0,0.0,0.0,0.0,0.0,0.0,0.0,0.0,0.0
mean_pct_counts_mt,,0.0,,,,,,,,
mean_pct_counts_ribo,,0.0,,,,,,,,
