,count,mean,std,min,5%,25%,50%,75%,95%,max
n_genes_by_counts,9801.0,2319.573002754821,1762.7823730385903,1.0,406.0,880.0,2006.0,3131.0,5660.0,16383.0
total_counts,9801.0,4909.4677734375,8060.41015625,2.0,423.0,1080.0,3081.0,5858.99951171875,15208.9990234375,317079.0
pct_counts_mt,9801.0,0.0,0.0,0.0,0.0,0.0,0.0,0.0,0.0,0.0
pct_counts_ribo,9801.0,0.0,0.0,0.0,0.0,0.0,0.0,0.0,0.0,0.0
mean_pct_counts_mt,,0.0,,,,,,,,
mean_pct_counts_ribo,,0.0,,,,,,,,
