,count,mean,std,min,5%,25%,50%,75%,95%,max
n_genes_by_counts,11000.0,1496.545090909091,1012.6660816526855,2.0,531.0,819.0,1223.0,1838.0,3418.0,10013.0
total_counts,11000.0,2597.6640625,3200.887939453125,4.999999046325684,705.9999389648438,1037.0,1667.5,2900.2499389648438,7274.0999999999985,59341.99609375
pct_counts_mt,11000.0,0.0,0.0,0.0,0.0,0.0,0.0,0.0,0.0,0.0
pct_counts_ribo,11000.0,0.0,0.0,0.0,0.0,0.0,0.0,0.0,0.0,0.0
mean_pct_counts_mt,,0.0,,,,,,,,
mean_pct_counts_ribo,,0.0,,,,,,,,
