,count,mean,std,min,5%,25%,50%,75%,95%,max
n_genes_by_counts,1067.0,725.0552952202437,445.72741286923053,299.0,333.0,419.0,560.0,901.5,1617.3999999999999,4058.0
total_counts,1067.0,685.1778564453125,118.35675811767578,375.9515075683594,495.0054168701172,599.6655578613281,679.8175659179688,764.8125,887.8473327636718,1214.32666015625
pct_counts_mt,1067.0,0.0,0.0,0.0,0.0,0.0,0.0,0.0,0.0,0.0
pct_counts_ribo,1067.0,0.0,0.0,0.0,0.0,0.0,0.0,0.0,0.0,0.0
mean_pct_counts_mt,,0.0,,,,,,,,
mean_pct_counts_ribo,,0.0,,,,,,,,
