,count,mean,std,min,5%,25%,50%,75%,95%,max
n_genes_by_counts,50859.0,49.25356377435656,141.4261289705454,1.0,1.0,2.0,3.0,6.0,343.0,2234.0
total_counts,50859.0,49.059242248535156,154.0709228515625,0.9999638199806213,1.0,1.0,2.0,4.0,331.0,3782.000244140625
pct_counts_mt,50859.0,0.0,0.0,0.0,0.0,0.0,0.0,0.0,0.0,0.0
pct_counts_ribo,50859.0,0.0,0.0,0.0,0.0,0.0,0.0,0.0,0.0,0.0
mean_pct_counts_mt,,0.0,,,,,,,,
mean_pct_counts_ribo,,0.0,,,,,,,,
