,count,mean,std,min,5%,25%,50%,75%,95%,max
n_genes_by_counts,28664.0,530.3071448506838,456.33987727184723,7.0,50.0,186.0,404.0,749.0,1442.0,5081.0
total_counts,28664.0,540.7993774414062,561.1788330078125,7.0,39.0,152.99998474121094,360.9999694824219,736.0,1647.0,7089.99951171875
pct_counts_mt,28664.0,0.0,0.0,0.0,0.0,0.0,0.0,0.0,0.0,0.0
pct_counts_ribo,28664.0,0.0,0.0,0.0,0.0,0.0,0.0,0.0,0.0,0.0
mean_pct_counts_mt,,0.0,,,,,,,,
mean_pct_counts_ribo,,0.0,,,,,,,,
