,count,mean,std,min,5%,25%,50%,75%,95%,max
n_genes_by_counts,1672.0,841.9084928229665,928.8415347347228,0.0,139.55,340.0,598.5,884.75,2793.8999999999996,7759.0
total_counts,1672.0,1865.2987060546875,3964.062744140625,0.0,160.27190246582032,424.23522186279297,990.338623046875,1615.3336486816406,6740.739306640619,56138.59375
pct_counts_mt,1658.0,0.0,0.0,0.0,0.0,0.0,0.0,0.0,0.0,0.0
pct_counts_ribo,1658.0,0.0,0.0,0.0,0.0,0.0,0.0,0.0,0.0,0.0
mean_pct_counts_mt,,0.0,,,,,,,,
mean_pct_counts_ribo,,0.0,,,,,,,,
