,count,mean,std,min,5%,25%,50%,75%,95%,max
n_genes_by_counts,100988.0,472.7731512654969,754.3440295455723,2.0,20.0,97.0,200.0,526.0,1826.0,14344.0
total_counts,100988.0,859.1021728515625,2190.34912109375,35.0,88.0,146.0,302.0,764.0,3211.649999999994,169026.015625
pct_counts_mt,100988.0,0.0,0.0,0.0,0.0,0.0,0.0,0.0,0.0,0.0
pct_counts_ribo,100988.0,0.0,0.0,0.0,0.0,0.0,0.0,0.0,0.0,0.0
mean_pct_counts_mt,,0.0,,,,,,,,
mean_pct_counts_ribo,,0.0,,,,,,,,
