,count,mean,std,min,5%,25%,50%,75%,95%,max
n_genes_by_counts,12834.0,965.5686457846346,778.5821650917023,203.0,374.0,497.0,663.0,1014.0,2803.0,4448.0
total_counts,12834.0,2015.1397705078125,738.90478515625,547.5372314453125,1222.8194641113282,1483.3899536132812,1785.47509765625,2295.1968994140625,3631.6287475585927,4393.259765625
pct_counts_mt,12834.0,0.0,0.0,0.0,0.0,0.0,0.0,0.0,0.0,0.0
pct_counts_ribo,12834.0,0.001702556386590004,0.01478592399507761,0.0,0.0,0.0,0.0,0.0,0.0,0.2720162272453308
mean_pct_counts_mt,,0.0,,,,,,,,
mean_pct_counts_ribo,,0.001702556386590004,,,,,,,,
