,count,mean,std,min,5%,25%,50%,75%,95%,max
n_genes_by_counts,3228.0,1196.312887236679,1123.6031473980725,2.0,313.0,465.0,841.0,1447.75,3558.449999999988,9364.0
total_counts,3228.0,2686.59423828125,5434.52392578125,2.0,420.9999801635742,645.75,1241.4999389648438,2324.25,10342.349999999993,92591.0
pct_counts_mt,3228.0,0.0,0.0,0.0,0.0,0.0,0.0,0.0,0.0,0.0
pct_counts_ribo,3228.0,0.0,0.0,0.0,0.0,0.0,0.0,0.0,0.0,0.0
mean_pct_counts_mt,,0.0,,,,,,,,
mean_pct_counts_ribo,,0.0,,,,,,,,
