,count,mean,std,min,5%,25%,50%,75%,95%,max
n_genes_by_counts,6187.0,331.4160336188783,386.20117731325183,0.0,18.0,71.0,227.0,442.0,1019.0999999999995,7152.0
total_counts,6187.0,4447.12841796875,4274.5146484375,0.0,234.2459213256836,1030.8314819335938,3377.022216796875,6515.1044921875,12550.192675781249,79227.890625
pct_counts_mt,6184.0,0.0,0.0,0.0,0.0,0.0,0.0,0.0,0.0,0.0
pct_counts_ribo,6184.0,0.0,0.0,0.0,0.0,0.0,0.0,0.0,0.0,0.0
mean_pct_counts_mt,,0.0,,,,,,,,
mean_pct_counts_ribo,,0.0,,,,,,,,
