,count,mean,std,min,5%,25%,50%,75%,95%,max
n_genes_by_counts,9872.0,319.4760940032415,342.3186962381155,0.0,21.0,116.0,242.0,411.0,860.0,7684.0
total_counts,9872.0,4119.88818359375,3725.79345703125,0.0,464.0353485107422,1535.2366333007812,3241.4993896484375,5650.013916015625,10793.526806640624,100956.125
pct_counts_mt,9871.0,0.0,0.0,0.0,0.0,0.0,0.0,0.0,0.0,0.0
pct_counts_ribo,9871.0,0.0,0.0,0.0,0.0,0.0,0.0,0.0,0.0,0.0
mean_pct_counts_mt,,0.0,,,,,,,,
mean_pct_counts_ribo,,0.0,,,,,,,,
