,count,mean,std,min,5%,25%,50%,75%,95%,max
n_genes_by_counts,26409.0,451.3651406717407,456.1858105115458,5.0,34.0,131.0,315.0,619.0,1348.0,5157.0
total_counts,26409.0,454.5368957519531,572.8839721679688,4.0,25.999996185302734,103.0,268.9999694824219,589.0,1502.9998779296875,10150.0
pct_counts_mt,26409.0,0.0,0.0,0.0,0.0,0.0,0.0,0.0,0.0,0.0
pct_counts_ribo,26409.0,0.0,0.0,0.0,0.0,0.0,0.0,0.0,0.0,0.0
mean_pct_counts_mt,,0.0,,,,,,,,
mean_pct_counts_ribo,,0.0,,,,,,,,
