,count,mean,std,min,5%,25%,50%,75%,95%,max
n_genes_by_counts,6858.0,1880.1415864683581,1266.2267218224572,2.0,368.85,870.0,1705.0,2590.75,4161.5999999999985,10661.0
total_counts,6858.0,3372.421630859375,3592.999755859375,2.0,491.0,1166.2499084472656,2580.999755859375,4345.9998779296875,8798.249999999995,78179.0
pct_counts_mt,6858.0,0.0,0.0,0.0,0.0,0.0,0.0,0.0,0.0,0.0
pct_counts_ribo,6858.0,0.0,0.0,0.0,0.0,0.0,0.0,0.0,0.0,0.0
mean_pct_counts_mt,,0.0,,,,,,,,
mean_pct_counts_ribo,,0.0,,,,,,,,
