,count,mean,std,min,5%,25%,50%,75%,95%,max
n_genes_by_counts,736.0,3956.78125,1523.1820335026848,1291.0,2252.75,2853.75,3555.5,4621.5,6946.25,10644.0
total_counts,736.0,12667.0615234375,11731.0595703125,4244.0,4885.0,6187.5,8679.5,13472.75,35013.0,114822.0078125
pct_counts_mt,736.0,0.0,0.0,0.0,0.0,0.0,0.0,0.0,0.0,0.0
pct_counts_ribo,736.0,0.0,0.0,0.0,0.0,0.0,0.0,0.0,0.0,0.0
mean_pct_counts_mt,,0.0,,,,,,,,
mean_pct_counts_ribo,,0.0,,,,,,,,
