,count,mean,std,min,5%,25%,50%,75%,95%,max
n_genes_by_counts,5526.0,1075.3655446977923,598.6794211757358,343.0,416.0,586.0,929.5,1412.0,2229.5,4621.0
total_counts,5526.0,884.0894165039062,136.19752502441406,530.5174560546875,662.3376770019531,772.8868103027344,892.3122253417969,992.7724304199219,1091.4088134765625,1279.6708984375
pct_counts_mt,5526.0,0.0,0.0,0.0,0.0,0.0,0.0,0.0,0.0,0.0
pct_counts_ribo,5526.0,0.0,0.0,0.0,0.0,0.0,0.0,0.0,0.0,0.0
mean_pct_counts_mt,,0.0,,,,,,,,
mean_pct_counts_ribo,,0.0,,,,,,,,
