,count,mean,std,min,5%,25%,50%,75%,95%,max
n_genes_by_counts,12491.0,1281.1165639260266,671.9638936148962,300.0,456.0,806.0,1123.0,1599.0,2615.5,4839.0
total_counts,12491.0,904.54345703125,139.2616729736328,364.2464294433594,654.826904296875,815.2259216308594,913.900634765625,1000.4411315917969,1124.1575927734375,1322.0283203125
pct_counts_mt,12491.0,0.0,0.0,0.0,0.0,0.0,0.0,0.0,0.0,0.0
pct_counts_ribo,12491.0,0.0,0.0,0.0,0.0,0.0,0.0,0.0,0.0,0.0
mean_pct_counts_mt,,0.0,,,,,,,,
mean_pct_counts_ribo,,0.0,,,,,,,,
