,count,mean,std,min,5%,25%,50%,75%,95%,max
n_genes_by_counts,25732.0,511.2617752215141,459.8484684288615,7.0,40.0,170.0,379.0,716.0,1432.449999999997,4701.0
total_counts,25732.0,524.4691772460938,570.0639038085938,7.0,32.0,140.0,339.0,704.0,1641.4499450683566,7405.0
pct_counts_mt,25732.0,0.0,0.0,0.0,0.0,0.0,0.0,0.0,0.0,0.0
pct_counts_ribo,25732.0,0.0,0.0,0.0,0.0,0.0,0.0,0.0,0.0,0.0
mean_pct_counts_mt,,0.0,,,,,,,,
mean_pct_counts_ribo,,0.0,,,,,,,,
