,count,mean,std,min,5%,25%,50%,75%,95%,max
n_genes_by_counts,7437.0,1592.4875621890546,797.8192132650112,331.0,542.0,952.0,1439.0,2107.0,3153.2,4460.0
total_counts,7437.0,954.1738891601562,115.19215393066406,249.24990844726562,722.4999145507812,894.1427612304688,973.767333984375,1035.157958984375,1108.3537109375,1313.3990478515625
pct_counts_mt,7437.0,0.0,0.0,0.0,0.0,0.0,0.0,0.0,0.0,0.0
pct_counts_ribo,7437.0,0.0,0.0,0.0,0.0,0.0,0.0,0.0,0.0,0.0
mean_pct_counts_mt,,0.0,,,,,,,,
mean_pct_counts_ribo,,0.0,,,,,,,,
