,count,mean,std,min,5%,25%,50%,75%,95%,max
n_genes_by_counts,12956.0,1480.6011114541525,1090.851611719719,1.0,157.0,407.0,1476.0,2093.0,3278.0,9718.0
total_counts,12956.0,2333.339111328125,2342.764404296875,0.999998927116394,209.99998474121094,579.75,1956.4999389648438,3140.2499389648438,6010.5,48102.0
pct_counts_mt,12956.0,0.0,0.0,0.0,0.0,0.0,0.0,0.0,0.0,0.0
pct_counts_ribo,12956.0,0.0,0.0,0.0,0.0,0.0,0.0,0.0,0.0,0.0
mean_pct_counts_mt,,0.0,,,,,,,,
mean_pct_counts_ribo,,0.0,,,,,,,,
