,count,mean,std,min,5%,25%,50%,75%,95%,max
n_genes_by_counts,10992.0,1731.7240720524017,944.3917394968719,2.0,856.0,1046.0,1425.0,2107.25,3619.0,9029.0
total_counts,10992.0,2453.65283203125,2107.75146484375,3.0,920.9999389648438,1166.9998779296875,1741.9998779296875,2900.0,6334.499999999989,34381.0
pct_counts_mt,10992.0,0.0,0.0,0.0,0.0,0.0,0.0,0.0,0.0,0.0
pct_counts_ribo,10992.0,0.0,0.0,0.0,0.0,0.0,0.0,0.0,0.0,0.0
mean_pct_counts_mt,,0.0,,,,,,,,
mean_pct_counts_ribo,,0.0,,,,,,,,
