,count,mean,std,min,5%,25%,50%,75%,95%,max
n_genes_by_counts,1499.0,1165.8338892595063,1090.6692240243733,1.0,216.0,305.5,765.0,1819.5,3240.2,8810.0
total_counts,1499.0,1826.201416015625,2447.715576171875,1.0,222.89998779296874,305.5,896.0,2548.0,6016.800439453118,32638.0
pct_counts_mt,1499.0,0.0,0.0,0.0,0.0,0.0,0.0,0.0,0.0,0.0
pct_counts_ribo,1499.0,0.0,0.0,0.0,0.0,0.0,0.0,0.0,0.0,0.0
mean_pct_counts_mt,,0.0,,,,,,,,
mean_pct_counts_ribo,,0.0,,,,,,,,
