,count,mean,std,min,5%,25%,50%,75%,95%,max
n_genes_by_counts,2324.0,636.7452667814114,339.91243535626904,296.0,353.0,410.0,515.5,732.0,1385.0,3234.0
total_counts,2324.0,1675.1915283203125,498.765380859375,989.0524291992188,1170.1408447265626,1298.9732666015625,1515.4100952148438,1904.5259399414062,2744.9353271484374,3944.3330078125
pct_counts_mt,2324.0,0.0,0.0,0.0,0.0,0.0,0.0,0.0,0.0,0.0
pct_counts_ribo,2324.0,0.0011627585627138615,0.014251036569476128,0.0,0.0,0.0,0.0,0.0,0.0,0.2677299380302429
mean_pct_counts_mt,,0.0,,,,,,,,
mean_pct_counts_ribo,,0.0011627585627138615,,,,,,,,
