,count,mean,std,min,5%,25%,50%,75%,95%,max
n_genes_by_counts,5988.0,466.6018704074816,684.498126460269,1.0,107.0,126.0,172.0,498.0,1735.5999999999985,9143.0
total_counts,5988.0,617.9976806640625,1771.1917724609375,1.0,102.0,118.0,160.0,506.9999694824219,2347.5997558593735,47598.0
pct_counts_mt,5988.0,0.0,0.0,0.0,0.0,0.0,0.0,0.0,0.0,0.0
pct_counts_ribo,5988.0,0.0,0.0,0.0,0.0,0.0,0.0,0.0,0.0,0.0
mean_pct_counts_mt,,0.0,,,,,,,,
mean_pct_counts_ribo,,0.0,,,,,,,,
