,count,mean,std,min,5%,25%,50%,75%,95%,max
n_genes_by_counts,12975.0,1502.3726396917148,990.9833994509137,1.0,197.0,921.0,1434.0,1946.5,3138.2999999999993,10331.0
total_counts,12975.0,2283.851318359375,2321.80810546875,0.999998927116394,293.00002136230466,1096.0,1870.0,2836.5,5494.299999999999,54369.0
pct_counts_mt,12975.0,0.0,0.0,0.0,0.0,0.0,0.0,0.0,0.0,0.0
pct_counts_ribo,12975.0,0.0,0.0,0.0,0.0,0.0,0.0,0.0,0.0,0.0
mean_pct_counts_mt,,0.0,,,,,,,,
mean_pct_counts_ribo,,0.0,,,,,,,,
