,count,mean,std,min,5%,25%,50%,75%,95%,max
n_genes_by_counts,3560.0,3386.68595505618,2515.1343386530452,1.0,729.95,1428.0,2751.0,4494.0,8674.349999999988,13924.0
total_counts,3560.0,8259.1787109375,12202.3232421875,4.0,907.9999969482421,1935.7499084472656,4182.0,8796.0,30144.699999999986,151528.0
pct_counts_mt,3560.0,0.0,0.0,0.0,0.0,0.0,0.0,0.0,0.0,0.0
pct_counts_ribo,3560.0,0.0,0.0,0.0,0.0,0.0,0.0,0.0,0.0,0.0
mean_pct_counts_mt,,0.0,,,,,,,,
mean_pct_counts_ribo,,0.0,,,,,,,,
