,count,mean,std,min,5%,25%,50%,75%,95%,max
n_genes_by_counts,1491.0,1689.0945674044265,1054.2130840686214,305.0,551.0,907.0,1387.0,2167.5,3954.5,5601.0
total_counts,1491.0,1052.4482421875,160.1507110595703,519.07080078125,775.5662841796875,943.18212890625,1058.16552734375,1170.3209228515625,1309.7197265625,1416.9638671875
pct_counts_mt,1491.0,0.0,0.0,0.0,0.0,0.0,0.0,0.0,0.0,0.0
pct_counts_ribo,1491.0,0.0,0.0,0.0,0.0,0.0,0.0,0.0,0.0,0.0
mean_pct_counts_mt,,0.0,,,,,,,,
mean_pct_counts_ribo,,0.0,,,,,,,,
