,count,mean,std,min,5%,25%,50%,75%,95%,max
n_genes_by_counts,3441.0,1798.6332461493753,909.3611952770843,310.0,694.0,1087.0,1535.0,2399.0,3567.0,5239.0
total_counts,3441.0,990.22265625,106.663330078125,546.3749389648438,806.490966796875,919.6334838867188,996.6022338867188,1066.2557373046875,1145.1734619140625,1380.43505859375
pct_counts_mt,3441.0,0.0,0.0,0.0,0.0,0.0,0.0,0.0,0.0,0.0
pct_counts_ribo,3441.0,0.0,0.0,0.0,0.0,0.0,0.0,0.0,0.0,0.0
mean_pct_counts_mt,,0.0,,,,,,,,
mean_pct_counts_ribo,,0.0,,,,,,,,
