,count,mean,std,min,5%,25%,50%,75%,95%,max
n_genes_by_counts,501.0,2159.183632734531,2428.9708557764907,1.0,29.0,205.0,1187.0,3397.0,7478.0,10649.0
total_counts,501.0,5584.001953125,9537.7392578125,1.0,70.0,295.0,1646.0,6771.0,25509.001953125,76812.0
pct_counts_mt,501.0,0.0,0.0,0.0,0.0,0.0,0.0,0.0,0.0,0.0
pct_counts_ribo,501.0,0.0,0.0,0.0,0.0,0.0,0.0,0.0,0.0,0.0
mean_pct_counts_mt,,0.0,,,,,,,,
mean_pct_counts_ribo,,0.0,,,,,,,,
