,count,mean,std,min,5%,25%,50%,75%,95%,max
n_genes_by_counts,14998.0,2597.80850780104,1996.2085993260737,2.0,958.0,1193.0,1727.5,3446.75,6614.15,15675.0
total_counts,14998.0,5895.1904296875,10801.0654296875,4.0,1030.9998779296875,1310.0,2076.0,6043.25,21448.850292968735,242975.0
pct_counts_mt,14998.0,0.0,0.0,0.0,0.0,0.0,0.0,0.0,0.0,0.0
pct_counts_ribo,14998.0,0.0,0.0,0.0,0.0,0.0,0.0,0.0,0.0,0.0
mean_pct_counts_mt,,0.0,,,,,,,,
mean_pct_counts_ribo,,0.0,,,,,,,,
