,count,mean,std,min,5%,25%,50%,75%,95%,max
n_genes_by_counts,6994.0,1855.9912782384902,1804.886329349187,2.0,487.65000000000003,625.0,1048.0,2545.75,5628.699999999999,14305.0
total_counts,6994.0,4209.9130859375,8122.38671875,4.0,623.0,804.2499847412109,1485.4999389648438,4561.5,15140.049658203123,193310.015625
pct_counts_mt,6994.0,0.0,0.0,0.0,0.0,0.0,0.0,0.0,0.0,0.0
pct_counts_ribo,6994.0,0.0,0.0,0.0,0.0,0.0,0.0,0.0,0.0,0.0
mean_pct_counts_mt,,0.0,,,,,,,,
mean_pct_counts_ribo,,0.0,,,,,,,,
