,count,mean,std,min,5%,25%,50%,75%,95%,max
n_genes_by_counts,8909.0,1120.0862049612751,662.8891116785447,311.0,438.0,631.0,860.0,1488.0,2431.6000000000004,4333.0
total_counts,8909.0,788.2381591796875,105.19664764404297,405.4142150878906,622.1912353515626,713.768310546875,787.4156494140625,856.544189453125,964.30546875,1200.7694091796875
pct_counts_mt,8909.0,0.0,0.0,0.0,0.0,0.0,0.0,0.0,0.0,0.0
pct_counts_ribo,8909.0,0.0,0.0,0.0,0.0,0.0,0.0,0.0,0.0,0.0
mean_pct_counts_mt,,0.0,,,,,,,,
mean_pct_counts_ribo,,0.0,,,,,,,,
