,count,mean,std,min,5%,25%,50%,75%,95%,max
n_genes_by_counts,1221.0,3461.3251433251435,1621.7197777784506,218.0,1559.0,2306.0,3061.0,4433.0,6482.0,11844.0
total_counts,1221.0,3043.972412109375,763.4934692382812,489.8669128417969,1718.593505859375,2580.744140625,3078.61865234375,3633.3876953125,4140.47705078125,4660.697265625
pct_counts_mt,1221.0,0.0,0.0,0.0,0.0,0.0,0.0,0.0,0.0,0.0
pct_counts_ribo,1221.0,0.0,0.0,0.0,0.0,0.0,0.0,0.0,0.0,0.0
mean_pct_counts_mt,,0.0,,,,,,,,
mean_pct_counts_ribo,,0.0,,,,,,,,
