,count,mean,std,min,5%,25%,50%,75%,95%,max
n_genes_by_counts,34608.0,360.770948913546,370.3193223113399,3.0,28.0,102.0,240.0,493.0,1105.6500000000015,7111.0
total_counts,34608.0,363.7934875488281,472.5586853027344,3.0,21.0,78.99999237060547,201.00001525878906,463.9999694824219,1248.6499206542983,12154.0
pct_counts_mt,34608.0,0.0,0.0,0.0,0.0,0.0,0.0,0.0,0.0,0.0
pct_counts_ribo,34608.0,0.0,0.0,0.0,0.0,0.0,0.0,0.0,0.0,0.0
mean_pct_counts_mt,,0.0,,,,,,,,
mean_pct_counts_ribo,,0.0,,,,,,,,
