,count,mean,std,min,5%,25%,50%,75%,95%,max
n_genes_by_counts,3188.0,3077.5065872020077,1128.8324866092826,269.0,1535.7,2257.75,2995.0,3697.25,5098.549999999997,9303.0
total_counts,3188.0,3335.472412109375,403.97442626953125,269.558837890625,2600.587048339844,3082.56298828125,3380.0438232421875,3619.8195190429688,3918.6635620117186,4746.1181640625
pct_counts_mt,3188.0,0.0,0.0,0.0,0.0,0.0,0.0,0.0,0.0,0.0
pct_counts_ribo,3188.0,0.0,0.0,0.0,0.0,0.0,0.0,0.0,0.0,0.0
mean_pct_counts_mt,,0.0,,,,,,,,
mean_pct_counts_ribo,,0.0,,,,,,,,
