,count,mean,std,min,5%,25%,50%,75%,95%,max
n_genes_by_counts,5998.0,1446.7482494164722,1178.9646049589344,2.0,654.0,773.0,999.0,1619.5,4002.899999999998,10185.0
total_counts,5998.0,2123.29150390625,3240.341552734375,2.0,685.0,809.0,1095.5,2007.75,7173.999999999993,48518.0
pct_counts_mt,5998.0,0.0,0.0,0.0,0.0,0.0,0.0,0.0,0.0,0.0
pct_counts_ribo,5998.0,0.0,0.0,0.0,0.0,0.0,0.0,0.0,0.0,0.0
mean_pct_counts_mt,,0.0,,,,,,,,
mean_pct_counts_ribo,,0.0,,,,,,,,
