,count,mean,std,min,5%,25%,50%,75%,95%,max
n_genes_by_counts,2749.0,3125.1051291378685,1231.3142152721719,3.0,2032.0,2291.0,2738.0,3537.0,5656.2,10823.0
total_counts,2749.0,5460.7294921875,4271.279296875,5.000000953674316,2853.0,3274.0,4110.0,5876.0,12344.6,57924.0
pct_counts_mt,2749.0,0.0,0.0,0.0,0.0,0.0,0.0,0.0,0.0,0.0
pct_counts_ribo,2749.0,0.0,0.0,0.0,0.0,0.0,0.0,0.0,0.0,0.0
mean_pct_counts_mt,,0.0,,,,,,,,
mean_pct_counts_ribo,,0.0,,,,,,,,
