,count,mean,std,min,5%,25%,50%,75%,95%,max
n_genes_by_counts,975.0,2309.3405128205127,1475.6982633400326,5.0,1130.7,1364.0,1830.0,2716.0,5110.999999999999,11583.0
total_counts,975.0,3974.567138671875,5898.31298828125,6.0,1313.9998779296875,1611.9999389648438,2278.0,3904.9998779296875,11475.099999999999,66607.9921875
pct_counts_mt,975.0,0.0,0.0,0.0,0.0,0.0,0.0,0.0,0.0,0.0
pct_counts_ribo,975.0,0.0,0.0,0.0,0.0,0.0,0.0,0.0,0.0,0.0
mean_pct_counts_mt,,0.0,,,,,,,,
mean_pct_counts_ribo,,0.0,,,,,,,,
