,count,mean,std,min,5%,25%,50%,75%,95%,max
n_genes_by_counts,3183.0,1761.5808985234055,1703.1881917834621,1.0,123.0,334.5,1238.0,2863.5,4789.599999999995,12826.0
total_counts,3183.0,4204.958984375,7034.0546875,3.0,243.99998626708984,503.00001525878906,1826.0,5911.000244140625,13238.199999999997,138984.0
pct_counts_mt,3183.0,0.0,0.0,0.0,0.0,0.0,0.0,0.0,0.0,0.0
pct_counts_ribo,3183.0,0.0,0.0,0.0,0.0,0.0,0.0,0.0,0.0,0.0
mean_pct_counts_mt,,0.0,,,,,,,,
mean_pct_counts_ribo,,0.0,,,,,,,,
