,count,mean,std,min,5%,25%,50%,75%,95%,max
n_genes_by_counts,12987.0,1642.7208747208747,1123.4692889087444,1.0,266.0,537.0,1655.0,2425.5,3553.699999999999,9453.0
total_counts,12987.0,2470.506103515625,2194.196044921875,0.999998927116394,228.0,616.0,2104.0,3606.999755859375,6322.799999999996,22826.0
pct_counts_mt,12987.0,0.0,0.0,0.0,0.0,0.0,0.0,0.0,0.0,0.0
pct_counts_ribo,12987.0,0.0,0.0,0.0,0.0,0.0,0.0,0.0,0.0,0.0
mean_pct_counts_mt,,0.0,,,,,,,,
mean_pct_counts_ribo,,0.0,,,,,,,,
