,count,mean,std,min,5%,25%,50%,75%,95%,max
n_genes_by_counts,12397.0,3337.3112849883037,1460.9473161217416,440.0,1511.0,2118.0,3062.0,4397.0,5992.199999999999,10513.0
total_counts,12397.0,3337.19091796875,571.6087036132812,473.9738464355469,2376.6630859375,3025.42333984375,3367.100341796875,3712.851318359375,4188.12919921875,4975.25341796875
pct_counts_mt,12397.0,0.0,0.0,0.0,0.0,0.0,0.0,0.0,0.0,0.0
pct_counts_ribo,12397.0,0.0,0.0,0.0,0.0,0.0,0.0,0.0,0.0,0.0
mean_pct_counts_mt,,0.0,,,,,,,,
mean_pct_counts_ribo,,0.0,,,,,,,,
