,count,mean,std,min,5%,25%,50%,75%,95%,max
n_genes_by_counts,4974.0,551.1895858464013,665.2592853878864,1.0,86.0,116.0,212.0,813.75,1892.3499999999995,9544.0
total_counts,4974.0,724.5237426757812,1193.5711669921875,1.0,94.0,118.0,221.0,942.4999542236328,2741.3499999999995,40416.99609375
pct_counts_mt,4974.0,0.0,0.0,0.0,0.0,0.0,0.0,0.0,0.0,0.0
pct_counts_ribo,4974.0,0.0,0.0,0.0,0.0,0.0,0.0,0.0,0.0,0.0
mean_pct_counts_mt,,0.0,,,,,,,,
mean_pct_counts_ribo,,0.0,,,,,,,,
