,count,mean,std,min,5%,25%,50%,75%,95%,max
n_genes_by_counts,959.0,690.7007299270073,247.3440191082265,387.0,484.0,566.5,639.0,752.5,1018.2999999999997,4112.0
total_counts,959.0,1394.861572265625,708.8544311523438,582.998046875,784.7502014160157,1028.1005859375,1265.0528564453125,1581.8003540039062,2286.718432617187,12816.7392578125
pct_counts_mt,959.0,0.0,0.0,0.0,0.0,0.0,0.0,0.0,0.0,0.0
pct_counts_ribo,959.0,0.0,0.0,0.0,0.0,0.0,0.0,0.0,0.0,0.0
mean_pct_counts_mt,,0.0,,,,,,,,
mean_pct_counts_ribo,,0.0,,,,,,,,
