,count,mean,std,min,5%,25%,50%,75%,95%,max
n_genes_by_counts,19610.0,1095.0996430392656,659.9442341842459,300.0,399.0,591.0,900.5,1444.75,2397.5499999999993,4841.0
total_counts,19610.0,869.9276733398438,158.3114013671875,435.7137451171875,629.3806976318359,747.2986907958984,861.0372924804688,985.4325408935547,1141.6631591796875,1341.5113525390625
pct_counts_mt,19610.0,0.0,0.0,0.0,0.0,0.0,0.0,0.0,0.0,0.0
pct_counts_ribo,19610.0,0.0,0.0,0.0,0.0,0.0,0.0,0.0,0.0,0.0
mean_pct_counts_mt,,0.0,,,,,,,,
mean_pct_counts_ribo,,0.0,,,,,,,,
