,count,mean,std,min,5%,25%,50%,75%,95%,max
n_genes_by_counts,100608.0,374.8809836195929,565.3213634456886,2.0,26.0,46.0,101.0,513.0,1473.0,8031.0
total_counts,100608.0,614.9113159179688,1138.446044921875,5.0,40.0,62.0,118.0,743.0,2571.0,29819.0
pct_counts_mt,100608.0,0.0,0.0,0.0,0.0,0.0,0.0,0.0,0.0,0.0
pct_counts_ribo,100608.0,0.0,0.0,0.0,0.0,0.0,0.0,0.0,0.0,0.0
mean_pct_counts_mt,,0.0,,,,,,,,
mean_pct_counts_ribo,,0.0,,,,,,,,
