,count,mean,std,min,5%,25%,50%,75%,95%,max
n_genes_by_counts,14404.0,918.779089141905,501.57718222210434,211.0,370.0,500.0,780.0,1257.0,1797.699999999997,4152.0
total_counts,14404.0,2099.23974609375,681.494873046875,736.6397094726562,1209.9468566894532,1487.9838562011719,1994.0948486328125,2660.1121826171875,3224.9596557617156,4701.89697265625
pct_counts_mt,14404.0,0.0,0.0,0.0,0.0,0.0,0.0,0.0,0.0,0.0
pct_counts_ribo,14404.0,0.005097099579870701,0.023603292182087898,0.0,0.0,0.0,0.0,0.0,0.04982851482927794,0.33259010314941406
mean_pct_counts_mt,,0.0,,,,,,,,
mean_pct_counts_ribo,,0.005097099579870701,,,,,,,,
