,count,mean,std,min,5%,25%,50%,75%,95%,max
n_genes_by_counts,7520.0,883.6607712765957,929.7452434933886,1.0,7.0,284.0,580.0,1160.25,2798.149999999998,8692.0
total_counts,7520.0,1923.0726318359375,2640.158447265625,2.0,12.0,702.9999847412109,1104.0000610351562,2109.0,6421.100463867186,81875.0
pct_counts_mt,7520.0,0.0,0.0,0.0,0.0,0.0,0.0,0.0,0.0,0.0
pct_counts_ribo,7520.0,0.0,0.0,0.0,0.0,0.0,0.0,0.0,0.0,0.0
mean_pct_counts_mt,,0.0,,,,,,,,
mean_pct_counts_ribo,,0.0,,,,,,,,
