,count,mean,std,min,5%,25%,50%,75%,95%,max
n_genes_by_counts,13000.0,2207.401307692308,2233.9950532152993,1.0,202.0,296.0,891.5,4082.25,6287.049999999999,10457.0
total_counts,13000.0,7012.51806640625,10241.1796875,1.0,290.99999847412107,410.0,1322.5,10762.0,27536.198242187496,99731.0
pct_counts_mt,13000.0,0.0,0.0,0.0,0.0,0.0,0.0,0.0,0.0,0.0
pct_counts_ribo,13000.0,0.0,0.0,0.0,0.0,0.0,0.0,0.0,0.0,0.0
mean_pct_counts_mt,,0.0,,,,,,,,
mean_pct_counts_ribo,,0.0,,,,,,,,
