,count,mean,std,min,5%,25%,50%,75%,95%,max
n_genes_by_counts,6000.0,1930.2158333333334,944.6894422364513,2.0,841.0,1186.0,1742.5,2453.25,3665.05,10471.0
total_counts,6000.0,2928.7216796875,2429.230224609375,3.0,903.9999389648438,1368.9999694824219,2275.999755859375,3741.25,6962.499975585943,79521.0
pct_counts_mt,6000.0,0.0,0.0,0.0,0.0,0.0,0.0,0.0,0.0,0.0
pct_counts_ribo,6000.0,0.0,0.0,0.0,0.0,0.0,0.0,0.0,0.0,0.0
mean_pct_counts_mt,,0.0,,,,,,,,
mean_pct_counts_ribo,,0.0,,,,,,,,
