,count,mean,std,min,5%,25%,50%,75%,95%,max
n_genes_by_counts,22998.0,2581.356509261675,1223.849284753285,4.0,1069.0,1735.0,2315.0,3173.0,4985.0,11719.0
total_counts,22998.0,4621.4140625,3719.453369140625,4.0,1255.999981689453,2338.2499389648438,3543.4998779296875,5615.0,11635.299999999996,47667.0
pct_counts_mt,22998.0,0.0,0.0,0.0,0.0,0.0,0.0,0.0,0.0,0.0
pct_counts_ribo,22998.0,0.0,0.0,0.0,0.0,0.0,0.0,0.0,0.0,0.0
mean_pct_counts_mt,,0.0,,,,,,,,
mean_pct_counts_ribo,,0.0,,,,,,,,
