,count,mean,std,min,5%,25%,50%,75%,95%,max
n_genes_by_counts,6136.0,4468.459582790091,1571.572614963672,227.0,2011.75,3351.0,4517.5,5370.25,7139.0,11656.0
total_counts,6136.0,3583.489990234375,434.582275390625,359.0660400390625,2792.4776611328125,3359.1952514648438,3647.430908203125,3872.1304321289062,4174.7958984375,4784.50341796875
pct_counts_mt,6136.0,0.0,0.0,0.0,0.0,0.0,0.0,0.0,0.0,0.0
pct_counts_ribo,6136.0,0.0,0.0,0.0,0.0,0.0,0.0,0.0,0.0,0.0
mean_pct_counts_mt,,0.0,,,,,,,,
mean_pct_counts_ribo,,0.0,,,,,,,,
