,count,mean,std,min,5%,25%,50%,75%,95%,max
n_genes_by_counts,25052.0,598.0763611687689,626.4433681332639,5.0,35.0,148.0,375.0,840.0,1892.8999999999942,5104.0
total_counts,25052.0,723.5528564453125,964.7847290039062,5.0,30.0,132.0,363.0,928.0,2611.3499999999913,11338.0
pct_counts_mt,25052.0,0.0,0.0,0.0,0.0,0.0,0.0,0.0,0.0,0.0
pct_counts_ribo,25052.0,0.0,0.0,0.0,0.0,0.0,0.0,0.0,0.0,0.0
mean_pct_counts_mt,,0.0,,,,,,,,
mean_pct_counts_ribo,,0.0,,,,,,,,
