,count,mean,std,min,5%,25%,50%,75%,95%,max
n_genes_by_counts,53149.0,64.43082654424354,129.7626976369139,1.0,1.0,2.0,4.0,78.0,306.0,2532.0
total_counts,53149.0,56.25962829589844,134.7579803466797,0.9999729990959167,1.0,2.0,3.0,61.0,262.0,4833.00048828125
pct_counts_mt,53149.0,0.0,0.0,0.0,0.0,0.0,0.0,0.0,0.0,0.0
pct_counts_ribo,53149.0,0.0,0.0,0.0,0.0,0.0,0.0,0.0,0.0,0.0
mean_pct_counts_mt,,0.0,,,,,,,,
mean_pct_counts_ribo,,0.0,,,,,,,,
