,count,mean,std,min,5%,25%,50%,75%,95%,max
n_genes_by_counts,386.0,2427.044041450777,1115.6625941696434,513.0,708.5,1708.0,2391.5,3014.5,4410.5,6541.0
total_counts,386.0,2166.3330078125,544.5807495117188,838.3427734375,1220.5374755859375,1826.3700866699219,2241.9071044921875,2512.527099609375,3005.436767578125,3587.350830078125
pct_counts_mt,386.0,0.0,0.0,0.0,0.0,0.0,0.0,0.0,0.0,0.0
pct_counts_ribo,386.0,0.0,0.0,0.0,0.0,0.0,0.0,0.0,0.0,0.0
mean_pct_counts_mt,,0.0,,,,,,,,
mean_pct_counts_ribo,,0.0,,,,,,,,
