,count,mean,std,min,5%,25%,50%,75%,95%,max
n_genes_by_counts,13192.0,1295.8740145542754,682.1401702973533,300.0,475.0,805.0,1153.0,1610.0,2662.0,4711.0
total_counts,13192.0,921.2604370117188,141.8942108154297,461.16790771484375,679.4957977294922,823.1193237304688,925.326904296875,1022.0252532958984,1148.7009887695312,1315.5377197265625
pct_counts_mt,13192.0,0.0,0.0,0.0,0.0,0.0,0.0,0.0,0.0,0.0
pct_counts_ribo,13192.0,0.0,0.0,0.0,0.0,0.0,0.0,0.0,0.0,0.0
mean_pct_counts_mt,,0.0,,,,,,,,
mean_pct_counts_ribo,,0.0,,,,,,,,
