,count,mean,std,min,5%,25%,50%,75%,95%,max
n_genes_by_counts,3000.0,3551.6773333333335,2339.182236252167,861.0,1025.95,1487.0,3006.0,5012.0,8166.299999999998,12768.0
total_counts,3000.0,10084.7451171875,12463.9072265625,1178.9998779296875,1338.0,2037.9999694824219,5633.5,13039.25,34484.549999999974,126121.0078125
pct_counts_mt,3000.0,0.0,0.0,0.0,0.0,0.0,0.0,0.0,0.0,0.0
pct_counts_ribo,3000.0,0.0,0.0,0.0,0.0,0.0,0.0,0.0,0.0,0.0
mean_pct_counts_mt,,0.0,,,,,,,,
mean_pct_counts_ribo,,0.0,,,,,,,,
