,count,mean,std,min,5%,25%,50%,75%,95%,max
n_genes_by_counts,5999.0,2056.8121353558927,1643.1126779084645,1.0,378.0,671.5,1842.0,2830.0,5210.199999999999,12383.0
total_counts,5999.0,4296.71435546875,7180.6572265625,2.0,663.0,1028.0000610351562,2653.0,4844.0,12926.0,183466.0
pct_counts_mt,5999.0,0.0,0.0,0.0,0.0,0.0,0.0,0.0,0.0,0.0
pct_counts_ribo,5999.0,0.0,0.0,0.0,0.0,0.0,0.0,0.0,0.0,0.0
mean_pct_counts_mt,,0.0,,,,,,,,
mean_pct_counts_ribo,,0.0,,,,,,,,
