,count,mean,std,min,5%,25%,50%,75%,95%,max
n_genes_by_counts,3220.0,907.638198757764,529.0634387702622,300.0,397.0,548.75,710.0,1112.25,2078.0999999999995,4472.0
total_counts,3220.0,748.0515747070312,120.00016784667969,367.0308837890625,538.7674591064454,675.7122344970703,754.3103942871094,822.3662567138672,942.2222412109375,1212.94970703125
pct_counts_mt,3220.0,0.0,0.0,0.0,0.0,0.0,0.0,0.0,0.0,0.0
pct_counts_ribo,3220.0,0.0,0.0,0.0,0.0,0.0,0.0,0.0,0.0,0.0
mean_pct_counts_mt,,0.0,,,,,,,,
mean_pct_counts_ribo,,0.0,,,,,,,,
