,count,mean,std,min,5%,25%,50%,75%,95%,max
n_genes_by_counts,100957.0,202.74171181790268,301.59039060906395,3.0,28.0,48.0,73.0,201.0,873.0,3481.0
total_counts,100957.0,258.8006896972656,446.3500671386719,5.999999046325684,33.999996185302734,52.0,75.0,231.99998474121094,1168.0,6945.0
pct_counts_mt,100957.0,0.0,0.0,0.0,0.0,0.0,0.0,0.0,0.0,0.0
pct_counts_ribo,100957.0,0.0,0.0,0.0,0.0,0.0,0.0,0.0,0.0,0.0
mean_pct_counts_mt,,0.0,,,,,,,,
mean_pct_counts_ribo,,0.0,,,,,,,,
