,count,mean,std,min,5%,25%,50%,75%,95%,max
n_genes_by_counts,5099.0,2136.7832908413416,2020.7505503857576,2.0,307.9,688.0,1555.0,2872.5,6356.9999999999945,14368.0
total_counts,5099.0,4547.19482421875,8662.8623046875,2.0,362.0,862.9999389648438,2221.999755859375,4707.5,15862.599999999926,154766.984375
pct_counts_mt,5099.0,0.0,0.0,0.0,0.0,0.0,0.0,0.0,0.0,0.0
pct_counts_ribo,5099.0,0.0,0.0,0.0,0.0,0.0,0.0,0.0,0.0,0.0
mean_pct_counts_mt,,0.0,,,,,,,,
mean_pct_counts_ribo,,0.0,,,,,,,,
