,count,mean,std,min,5%,25%,50%,75%,95%,max
n_genes_by_counts,4921.0,692.47205852469,744.116253867585,2.0,212.0,327.0,490.0,732.0,1903.0,9272.0
total_counts,4921.0,853.8660888671875,1670.36669921875,3.0,206.0,323.0,495.9999694824219,765.9999389648438,2424.0,41246.00390625
pct_counts_mt,4921.0,0.0,0.0,0.0,0.0,0.0,0.0,0.0,0.0,0.0
pct_counts_ribo,4921.0,0.0,0.0,0.0,0.0,0.0,0.0,0.0,0.0,0.0
mean_pct_counts_mt,,0.0,,,,,,,,
mean_pct_counts_ribo,,0.0,,,,,,,,
