,count,mean,std,min,5%,25%,50%,75%,95%,max
n_genes_by_counts,276.0,5511.699275362319,3356.3967952877165,19.0,2712.75,3368.75,4368.5,6595.75,12071.0,18499.0
total_counts,276.0,30363.65234375,83623.140625,23.0,4499.0,5846.75,8683.0,17380.75,93524.0,533643.0
pct_counts_mt,276.0,0.0,0.0,0.0,0.0,0.0,0.0,0.0,0.0,0.0
pct_counts_ribo,276.0,0.0,0.0,0.0,0.0,0.0,0.0,0.0,0.0,0.0
mean_pct_counts_mt,,0.0,,,,,,,,
mean_pct_counts_ribo,,0.0,,,,,,,,
