,count,mean,std,min,5%,25%,50%,75%,95%,max
n_genes_by_counts,9801.0,2308.105499438833,1755.6291475612645,1.0,404.0,876.0,1997.0,3122.0,5654.0,16340.0
total_counts,9801.0,4869.4404296875,8000.7294921875,2.0,420.0000305175781,1072.0,3054.0,5815.0,15140.0,315670.03125
pct_counts_mt,9801.0,0.0,0.0,0.0,0.0,0.0,0.0,0.0,0.0,0.0
pct_counts_ribo,9801.0,0.0,0.0,0.0,0.0,0.0,0.0,0.0,0.0,0.0
mean_pct_counts_mt,,0.0,,,,,,,,
mean_pct_counts_ribo,,0.0,,,,,,,,
