,count,mean,std,min,5%,25%,50%,75%,95%,max
n_genes_by_counts,100932.0,488.5707307890461,887.3358427795275,2.0,13.0,80.0,158.0,482.0,2143.0,15345.0
total_counts,100932.0,1028.9771728515625,2673.5966796875,39.0,82.0,140.0,285.0,831.0,4252.449999999997,170209.015625
pct_counts_mt,100932.0,0.0,0.0,0.0,0.0,0.0,0.0,0.0,0.0,0.0
pct_counts_ribo,100932.0,0.0,0.0,0.0,0.0,0.0,0.0,0.0,0.0,0.0
mean_pct_counts_mt,,0.0,,,,,,,,
mean_pct_counts_ribo,,0.0,,,,,,,,
