,count,mean,std,min,5%,25%,50%,75%,95%,max
n_genes_by_counts,577.0,4866.060658578856,1211.315477301541,2348.0,3462.4,4024.0,4550.0,5471.0,7208.799999999994,10109.0
total_counts,577.0,11058.1025390625,5604.36865234375,4870.0,6543.6,7676.99951171875,9270.0,12235.0,21442.398437499996,49493.99609375
pct_counts_mt,577.0,0.0,0.0,0.0,0.0,0.0,0.0,0.0,0.0,0.0
pct_counts_ribo,577.0,0.0,0.0,0.0,0.0,0.0,0.0,0.0,0.0,0.0
mean_pct_counts_mt,,0.0,,,,,,,,
mean_pct_counts_ribo,,0.0,,,,,,,,
