,count,mean,std,min,5%,25%,50%,75%,95%,max
n_genes_by_counts,100485.0,139.43981688809276,327.03265074972165,2.0,8.0,20.0,37.0,85.0,696.0,7890.0
total_counts,100485.0,360.675048828125,846.22265625,7.999999046325684,22.0,35.0,71.0,302.0,1656.8000244140508,34269.0
pct_counts_mt,100485.0,0.0,0.0,0.0,0.0,0.0,0.0,0.0,0.0,0.0
pct_counts_ribo,100485.0,0.0,0.0,0.0,0.0,0.0,0.0,0.0,0.0,0.0
mean_pct_counts_mt,,0.0,,,,,,,,
mean_pct_counts_ribo,,0.0,,,,,,,,
