,count,mean,std,min,5%,25%,50%,75%,95%,max
n_genes_by_counts,23104.0,566.2716412742383,594.3540749069143,5.0,22.0,123.0,361.0,821.0,1791.0,4630.0
total_counts,23104.0,664.47802734375,846.447265625,5.0,18.999998092651367,109.99999237060547,345.0,884.2499847412109,2379.8499999999985,8813.9990234375
pct_counts_mt,23104.0,0.0,0.0,0.0,0.0,0.0,0.0,0.0,0.0,0.0
pct_counts_ribo,23104.0,0.0,0.0,0.0,0.0,0.0,0.0,0.0,0.0,0.0
mean_pct_counts_mt,,0.0,,,,,,,,
mean_pct_counts_ribo,,0.0,,,,,,,,
