,count,mean,std,min,5%,25%,50%,75%,95%,max
n_genes_by_counts,12999.0,258.19570736210477,209.68866826718826,1.0,38.0,134.0,204.0,321.0,634.0999999999985,4428.0
total_counts,12999.0,615.7769775390625,730.1433715820312,2.0,199.0,280.0,380.0,614.0000305175781,2004.199999999997,12492.0
pct_counts_mt,12999.0,0.0,0.0,0.0,0.0,0.0,0.0,0.0,0.0,0.0
pct_counts_ribo,12999.0,0.0,0.0,0.0,0.0,0.0,0.0,0.0,0.0,0.0
mean_pct_counts_mt,,0.0,,,,,,,,
mean_pct_counts_ribo,,0.0,,,,,,,,
