,count,mean,std,min,5%,25%,50%,75%,95%,max
n_genes_by_counts,6999.0,2149.9771395913704,1714.7991226131653,1.0,298.0,646.0,1803.0,3147.0,5345.899999999995,12082.0
total_counts,6999.0,4961.46923828125,6295.740234375,3.0,602.0,1102.0000610351562,3024.0,6596.0,15154.199121093749,108031.0078125
pct_counts_mt,6999.0,0.0,0.0,0.0,0.0,0.0,0.0,0.0,0.0,0.0
pct_counts_ribo,6999.0,0.0,0.0,0.0,0.0,0.0,0.0,0.0,0.0,0.0
mean_pct_counts_mt,,0.0,,,,,,,,
mean_pct_counts_ribo,,0.0,,,,,,,,
