,count,mean,std,min,5%,25%,50%,75%,95%,max
n_genes_by_counts,12000.0,2720.0520833333335,2303.4066448527105,1.0,904.95,1119.0,1721.5,3624.25,7729.0999999999985,15751.0
total_counts,12000.0,6674.74658203125,14003.486328125,3.0,1018.9999389648438,1286.0,2187.0,6549.75,25242.899999999958,315866.96875
pct_counts_mt,12000.0,0.0,0.0,0.0,0.0,0.0,0.0,0.0,0.0,0.0
pct_counts_ribo,12000.0,0.0,0.0,0.0,0.0,0.0,0.0,0.0,0.0,0.0
mean_pct_counts_mt,,0.0,,,,,,,,
mean_pct_counts_ribo,,0.0,,,,,,,,
