,count,mean,std,min,5%,25%,50%,75%,95%,max
n_genes_by_counts,3348.0,2684.007467144564,1055.593633731155,1020.0,1557.7,1983.75,2424.5,3057.0,4795.549999999997,9315.0
total_counts,3348.0,2970.9541015625,518.6785278320312,755.3192749023438,2068.7838745117188,2693.5589599609375,3011.0242919921875,3281.7767944335938,3763.572314453125,4708.14111328125
pct_counts_mt,3348.0,0.0,0.0,0.0,0.0,0.0,0.0,0.0,0.0,0.0
pct_counts_ribo,3348.0,0.0,0.0,0.0,0.0,0.0,0.0,0.0,0.0,0.0
mean_pct_counts_mt,,0.0,,,,,,,,
mean_pct_counts_ribo,,0.0,,,,,,,,
