,count,mean,std,min,5%,25%,50%,75%,95%,max
n_genes_by_counts,89168.0,251.72663960165082,687.8720985424975,1.0,5.0,22.0,49.0,117.0,1352.0,14287.0
total_counts,89168.0,442.9356384277344,2063.142822265625,0.999998927116394,4.0,25.0,53.0,126.99999237060547,2022.0,166745.0
pct_counts_mt,89168.0,0.0,0.0,0.0,0.0,0.0,0.0,0.0,0.0,0.0
pct_counts_ribo,89168.0,0.0,0.0,0.0,0.0,0.0,0.0,0.0,0.0,0.0
mean_pct_counts_mt,,0.0,,,,,,,,
mean_pct_counts_ribo,,0.0,,,,,,,,
