,count,mean,std,min,5%,25%,50%,75%,95%,max
n_genes_by_counts,12998.0,3030.033774426835,2039.32415737759,1.0,554.0,964.0,2975.5,4568.0,6525.449999999999,12147.0
total_counts,12998.0,8996.3427734375,9536.6552734375,2.0,921.0,1607.0000305175781,6039.999755859375,13213.75,27069.049999999996,134604.015625
pct_counts_mt,12998.0,0.0,0.0,0.0,0.0,0.0,0.0,0.0,0.0,0.0
pct_counts_ribo,12998.0,0.0,0.0,0.0,0.0,0.0,0.0,0.0,0.0,0.0
mean_pct_counts_mt,,0.0,,,,,,,,
mean_pct_counts_ribo,,0.0,,,,,,,,
