,count,mean,std,min,5%,25%,50%,75%,95%,max
n_genes_by_counts,5995.0,59.580984153461216,73.66242636802026,1.0,4.0,20.0,43.0,74.0,169.0,1415.0
total_counts,5995.0,79.6627197265625,98.20158386230469,1.0,18.0,36.0,59.0,92.0,196.29999542236345,3376.0
pct_counts_mt,5995.0,0.0,0.0,0.0,0.0,0.0,0.0,0.0,0.0,0.0
pct_counts_ribo,5995.0,0.0,0.0,0.0,0.0,0.0,0.0,0.0,0.0,0.0
mean_pct_counts_mt,,0.0,,,,,,,,
mean_pct_counts_ribo,,0.0,,,,,,,,
