,count,mean,std,min,5%,25%,50%,75%,95%,max
n_genes_by_counts,12989.0,2482.4772499807527,2004.6642700031132,1.0,221.0,460.0,2456.0,3649.0,5872.999999999985,15126.0
total_counts,12989.0,6585.4892578125,10580.208984375,1.0,335.9999694824219,669.0,4320.99951171875,8462.0,19665.399999999994,266720.0
pct_counts_mt,12989.0,0.0,0.0,0.0,0.0,0.0,0.0,0.0,0.0,0.0
pct_counts_ribo,12989.0,0.0,0.0,0.0,0.0,0.0,0.0,0.0,0.0,0.0
mean_pct_counts_mt,,0.0,,,,,,,,
mean_pct_counts_ribo,,0.0,,,,,,,,
