,count,mean,std,min,5%,25%,50%,75%,95%,max
n_genes_by_counts,5110.0,1028.761252446184,663.9789466827174,301.0,374.0,485.0,854.0,1348.75,2401.0,4628.0
total_counts,5110.0,824.7023315429688,147.70106506347656,409.08038330078125,599.778369140625,697.9286193847656,833.3559875488281,939.2595520019531,1060.7912353515626,1351.3255615234375
pct_counts_mt,5110.0,0.0,0.0,0.0,0.0,0.0,0.0,0.0,0.0,0.0
pct_counts_ribo,5110.0,0.0,0.0,0.0,0.0,0.0,0.0,0.0,0.0,0.0
mean_pct_counts_mt,,0.0,,,,,,,,
mean_pct_counts_ribo,,0.0,,,,,,,,
