,count,mean,std,min,5%,25%,50%,75%,95%,max
n_genes_by_counts,2475.0,832.7676767676768,511.2444703008076,300.0,393.0,484.0,636.0,1028.0,1861.2999999999997,4578.0
total_counts,2475.0,754.6062622070312,125.62127685546875,349.86431884765625,563.8277221679688,669.1531677246094,743.6678466796875,827.9996032714844,985.2012573242187,1282.893310546875
pct_counts_mt,2475.0,0.0,0.0,0.0,0.0,0.0,0.0,0.0,0.0,0.0
pct_counts_ribo,2475.0,0.0,0.0,0.0,0.0,0.0,0.0,0.0,0.0,0.0
mean_pct_counts_mt,,0.0,,,,,,,,
mean_pct_counts_ribo,,0.0,,,,,,,,
