,count,mean,std,min,5%,25%,50%,75%,95%,max
n_genes_by_counts,12147.0,1198.1596278916604,792.5062051825734,300.0,391.0,553.5,928.0,1700.0,2756.7999999999956,4815.0
total_counts,12147.0,873.1890869140625,169.65858459472656,403.9002990722656,626.2052551269531,733.6539306640625,862.3486938476562,997.7527770996094,1165.675402832031,1327.27978515625
pct_counts_mt,12147.0,0.0,0.0,0.0,0.0,0.0,0.0,0.0,0.0,0.0
pct_counts_ribo,12147.0,0.0,0.0,0.0,0.0,0.0,0.0,0.0,0.0,0.0
mean_pct_counts_mt,,0.0,,,,,,,,
mean_pct_counts_ribo,,0.0,,,,,,,,
