,count,mean,std,min,5%,25%,50%,75%,95%,max
n_genes_by_counts,13616.0,714.5411280846064,417.5738861806351,0.0,52.0,459.0,711.0,977.0,1393.0,3899.0
total_counts,13616.0,1868.7117919921875,1498.643310546875,0.0,155.9866943359375,811.8575134277344,1465.0790405273438,2665.8001708984375,4575.619140625,23028.630859375
pct_counts_mt,13615.0,0.0,0.0,0.0,0.0,0.0,0.0,0.0,0.0,0.0
pct_counts_ribo,13615.0,0.0,0.0,0.0,0.0,0.0,0.0,0.0,0.0,0.0
mean_pct_counts_mt,,0.0,,,,,,,,
mean_pct_counts_ribo,,0.0,,,,,,,,
