,count,mean,std,min,5%,25%,50%,75%,95%,max
n_genes_by_counts,29295.0,376.05144222563575,397.5864411708827,6.0,25.0,95.0,243.0,522.0,1179.0,6727.0
total_counts,29295.0,411.9169616699219,567.1729125976562,4.999998092651367,20.999998092651367,80.0,219.0,533.0,1431.9999145507813,32893.0
pct_counts_mt,29295.0,0.0,0.0,0.0,0.0,0.0,0.0,0.0,0.0,0.0
pct_counts_ribo,29295.0,0.0,0.0,0.0,0.0,0.0,0.0,0.0,0.0,0.0
mean_pct_counts_mt,,0.0,,,,,,,,
mean_pct_counts_ribo,,0.0,,,,,,,,
