,count,mean,std,min,5%,25%,50%,75%,95%,max
n_genes_by_counts,2535.0,1502.6059171597633,1014.6551467448445,322.0,489.0,795.0,1183.0,1855.0,3794.7999999999984,5475.0
total_counts,2535.0,947.9979248046875,160.70835876464844,539.8960571289062,707.5128784179688,827.1676635742188,934.916015625,1058.72314453125,1240.1106323242186,1377.8092041015625
pct_counts_mt,2535.0,0.0,0.0,0.0,0.0,0.0,0.0,0.0,0.0,0.0
pct_counts_ribo,2535.0,0.0,0.0,0.0,0.0,0.0,0.0,0.0,0.0,0.0
mean_pct_counts_mt,,0.0,,,,,,,,
mean_pct_counts_ribo,,0.0,,,,,,,,
