,count,mean,std,min,5%,25%,50%,75%,95%,max
n_genes_by_counts,12999.0,323.3581813985691,321.00033485932306,1.0,49.0,145.0,225.0,388.0,898.0,5543.0
total_counts,12999.0,455.8615417480469,607.035888671875,1.0,139.99998474121094,204.0,293.9999694824219,500.0,1233.0999999999985,25616.0
pct_counts_mt,12999.0,0.0,0.0,0.0,0.0,0.0,0.0,0.0,0.0,0.0
pct_counts_ribo,12999.0,0.0,0.0,0.0,0.0,0.0,0.0,0.0,0.0,0.0
mean_pct_counts_mt,,0.0,,,,,,,,
mean_pct_counts_ribo,,0.0,,,,,,,,
