,count,mean,std,min,5%,25%,50%,75%,95%,max
n_genes_by_counts,6000.0,1426.1581666666666,1117.022386967007,1.0,272.0,416.0,1085.0,2263.5,3497.0,6220.0
total_counts,6000.0,2520.6572265625,2780.13427734375,2.0,271.0,432.7499771118164,1349.4999389648438,4010.0,7697.550024414065,40398.0
pct_counts_mt,6000.0,0.0,0.0,0.0,0.0,0.0,0.0,0.0,0.0,0.0
pct_counts_ribo,6000.0,0.0,0.0,0.0,0.0,0.0,0.0,0.0,0.0,0.0
mean_pct_counts_mt,,0.0,,,,,,,,
mean_pct_counts_ribo,,0.0,,,,,,,,
