,count,mean,std,min,5%,25%,50%,75%,95%,max
n_genes_by_counts,12998.0,1275.2518849053702,1062.3279094332372,1.0,336.0,497.25,843.0,1724.0,3609.0,6733.0
total_counts,12998.0,2436.977294921875,3426.60791015625,2.9999990463256836,376.0,565.0,1026.0,2671.0,9816.799169921871,40345.00390625
pct_counts_mt,12998.0,0.0,0.0,0.0,0.0,0.0,0.0,0.0,0.0,0.0
pct_counts_ribo,12998.0,0.0,0.0,0.0,0.0,0.0,0.0,0.0,0.0,0.0
mean_pct_counts_mt,,0.0,,,,,,,,
mean_pct_counts_ribo,,0.0,,,,,,,,
