,count,mean,std,min,5%,25%,50%,75%,95%,max
n_genes_by_counts,3165.0,2550.4489731437598,838.0502123063776,1053.0,1682.0,2004.0,2353.0,2822.0,4085.399999999999,8742.0
total_counts,3165.0,3209.24609375,299.11651611328125,1701.6044921875,2784.007373046875,3001.271240234375,3192.75439453125,3393.144287109375,3725.5012207031245,4279.98828125
pct_counts_mt,3165.0,0.0,0.0,0.0,0.0,0.0,0.0,0.0,0.0,0.0
pct_counts_ribo,3165.0,0.0,0.0,0.0,0.0,0.0,0.0,0.0,0.0,0.0
mean_pct_counts_mt,,0.0,,,,,,,,
mean_pct_counts_ribo,,0.0,,,,,,,,
