,count,mean,std,min,5%,25%,50%,75%,95%,max
n_genes_by_counts,23280.0,141.10343642611684,146.16880720434082,1.0,15.0,41.0,92.0,194.0,425.0,4175.0
total_counts,23280.0,113.56800079345703,137.3961181640625,1.0,11.999998092651367,29.0,67.0,148.99998474121094,369.0,4299.0
pct_counts_mt,23280.0,0.0,0.0,0.0,0.0,0.0,0.0,0.0,0.0,0.0
pct_counts_ribo,23280.0,0.0,0.0,0.0,0.0,0.0,0.0,0.0,0.0,0.0
mean_pct_counts_mt,,0.0,,,,,,,,
mean_pct_counts_ribo,,0.0,,,,,,,,
