,count,mean,std,min,5%,25%,50%,75%,95%,max
n_genes_by_counts,22734.0,599.4638866895399,605.2479026113941,4.0,22.0,134.0,402.0,886.0,1828.0,6743.0
total_counts,22734.0,693.0974731445312,871.7500610351562,6.0,17.0,114.99999237060547,376.0,948.0,2417.34991455078,24271.998046875
pct_counts_mt,22734.0,0.0,0.0,0.0,0.0,0.0,0.0,0.0,0.0,0.0
pct_counts_ribo,22734.0,0.0,0.0,0.0,0.0,0.0,0.0,0.0,0.0,0.0
mean_pct_counts_mt,,0.0,,,,,,,,
mean_pct_counts_ribo,,0.0,,,,,,,,
