,count,mean,std,min,5%,25%,50%,75%,95%,max
n_genes_by_counts,21812.0,149.0779387493123,151.27874018770197,4.0,17.0,45.0,101.0,205.0,439.0,4759.0
total_counts,21812.0,119.11402130126953,145.74168395996094,3.0,13.0,32.0,72.0,154.99998474121094,376.9999694824219,6245.99951171875
pct_counts_mt,21812.0,0.0,0.0,0.0,0.0,0.0,0.0,0.0,0.0,0.0
pct_counts_ribo,21812.0,0.0,0.0,0.0,0.0,0.0,0.0,0.0,0.0,0.0
mean_pct_counts_mt,,0.0,,,,,,,,
mean_pct_counts_ribo,,0.0,,,,,,,,
