,count,mean,std,min,5%,25%,50%,75%,95%,max
n_genes_by_counts,21463.0,2936.334389414341,1647.3002597007776,216.0,1104.0,1710.5,2563.0,3666.0,6323.0,10613.0
total_counts,21463.0,3035.583740234375,700.13037109375,304.9927673339844,1978.95126953125,2527.6690673828125,3115.241455078125,3561.4207763671875,4058.505688476562,5891.60693359375
pct_counts_mt,21463.0,0.0,0.0,0.0,0.0,0.0,0.0,0.0,0.0,0.0
pct_counts_ribo,21463.0,0.0,0.0,0.0,0.0,0.0,0.0,0.0,0.0,0.0
mean_pct_counts_mt,,0.0,,,,,,,,
mean_pct_counts_ribo,,0.0,,,,,,,,
