,count,mean,std,min,5%,25%,50%,75%,95%,max
n_genes_by_counts,2119.0,991.3350637092968,326.7239033498956,0.0,650.9,799.0,928.0,1105.0,1523.1,3687.0
total_counts,2119.0,1495.5474853515625,802.711181640625,0.0,871.0162414550781,1093.1848754882812,1324.81591796875,1657.1190795898438,2557.022265625,11635.4677734375
pct_counts_mt,2113.0,0.0,0.0,0.0,0.0,0.0,0.0,0.0,0.0,0.0
pct_counts_ribo,2113.0,0.0,0.0,0.0,0.0,0.0,0.0,0.0,0.0,0.0
mean_pct_counts_mt,,0.0,,,,,,,,
mean_pct_counts_ribo,,0.0,,,,,,,,
