,count,mean,std,min,5%,25%,50%,75%,95%,max
n_genes_by_counts,2449.0,4113.68517762352,1681.0464022884785,3.0,2499.4,2931.0,3538.0,4765.0,7617.799999999999,13050.0
total_counts,2449.0,9205.8115234375,9982.90625,11.0,3799.0,4566.0,6093.0,9680.0,24638.99882812499,185165.0
pct_counts_mt,2449.0,0.0,0.0,0.0,0.0,0.0,0.0,0.0,0.0,0.0
pct_counts_ribo,2449.0,0.0,0.0,0.0,0.0,0.0,0.0,0.0,0.0,0.0
mean_pct_counts_mt,,0.0,,,,,,,,
mean_pct_counts_ribo,,0.0,,,,,,,,
