,count,mean,std,min,5%,25%,50%,75%,95%,max
n_genes_by_counts,35052.0,159.61049298185551,152.60876625712064,2.0,19.0,52.0,114.0,218.0,451.0,4945.0
total_counts,35052.0,131.3312225341797,144.361083984375,2.0,14.0,38.999996185302734,84.99998474121094,172.99998474121094,399.00001373291013,5691.0
pct_counts_mt,35052.0,0.0,0.0,0.0,0.0,0.0,0.0,0.0,0.0,0.0
pct_counts_ribo,35052.0,0.0,0.0,0.0,0.0,0.0,0.0,0.0,0.0,0.0
mean_pct_counts_mt,,0.0,,,,,,,,
mean_pct_counts_ribo,,0.0,,,,,,,,
