,count,mean,std,min,5%,25%,50%,75%,95%,max
n_genes_by_counts,12067.0,999.3954586889865,637.5038655493374,208.0,382.0,575.0,814.0,1197.0,2372.0,4444.0
total_counts,12067.0,2121.663818359375,658.7623901367188,657.2813110351562,1227.399365234375,1625.4577026367188,2021.041259765625,2517.197998046875,3423.238549804687,4369.13671875
pct_counts_mt,12067.0,0.0,0.0,0.0,0.0,0.0,0.0,0.0,0.0,0.0
pct_counts_ribo,12067.0,0.00211466196924448,0.015821225941181183,0.0,0.0,0.0,0.0,0.0,0.0,0.2844313979148865
mean_pct_counts_mt,,0.0,,,,,,,,
mean_pct_counts_ribo,,0.00211466196924448,,,,,,,,
