,count,mean,std,min,5%,25%,50%,75%,95%,max
n_genes_by_counts,3629.0,1524.5483604298704,846.8951655186883,328.0,509.0,874.0,1225.0,2141.0,3099.5999999999995,5470.0
total_counts,3629.0,941.4815673828125,126.13276672363281,565.2086181640625,723.3017944335937,855.3592529296875,948.6456909179688,1033.122314453125,1124.234228515625,1350.091064453125
pct_counts_mt,3629.0,0.0,0.0,0.0,0.0,0.0,0.0,0.0,0.0,0.0
pct_counts_ribo,3629.0,0.0,0.0,0.0,0.0,0.0,0.0,0.0,0.0,0.0
mean_pct_counts_mt,,0.0,,,,,,,,
mean_pct_counts_ribo,,0.0,,,,,,,,
