,count,mean,std,min,5%,25%,50%,75%,95%,max
n_genes_by_counts,1872.0,2421.415598290598,1101.4860509320722,14.0,1322.55,1624.75,2053.5,2947.25,4632.999999999996,8066.0
total_counts,1872.0,4004.554443359375,3083.150146484375,13.0,1647.55,2024.9999694824219,2874.9998779296875,4893.25,9768.899999999985,28114.0
pct_counts_mt,1872.0,0.0,0.0,0.0,0.0,0.0,0.0,0.0,0.0,0.0
pct_counts_ribo,1872.0,0.0,0.0,0.0,0.0,0.0,0.0,0.0,0.0,0.0
mean_pct_counts_mt,,0.0,,,,,,,,
mean_pct_counts_ribo,,0.0,,,,,,,,
