,count,mean,std,min,5%,25%,50%,75%,95%,max
n_genes_by_counts,20596.0,626.2937463585163,559.925080777107,6.0,40.0,199.0,464.0,899.0,1739.25,5224.0
total_counts,20596.0,685.4872436523438,749.9568481445312,5.999999046325684,32.0,168.99998474121094,429.9999694824219,945.2499847412109,2162.75,8289.9990234375
pct_counts_mt,20596.0,0.0,0.0,0.0,0.0,0.0,0.0,0.0,0.0,0.0
pct_counts_ribo,20596.0,0.0,0.0,0.0,0.0,0.0,0.0,0.0,0.0,0.0
mean_pct_counts_mt,,0.0,,,,,,,,
mean_pct_counts_ribo,,0.0,,,,,,,,
