,count,mean,std,min,5%,25%,50%,75%,95%,max
n_genes_by_counts,20997.0,1761.7907320093348,1249.6662885176506,1.0,482.0,798.0,1436.0,2338.0,4294.0,11807.0
total_counts,20997.0,2535.84375,2867.947998046875,1.0,444.0,809.0,1677.0,3126.999755859375,7653.200000000001,54533.0
pct_counts_mt,20997.0,0.0,0.0,0.0,0.0,0.0,0.0,0.0,0.0,0.0
pct_counts_ribo,20997.0,0.0,0.0,0.0,0.0,0.0,0.0,0.0,0.0,0.0
mean_pct_counts_mt,,0.0,,,,,,,,
mean_pct_counts_ribo,,0.0,,,,,,,,
