,count,mean,std,min,5%,25%,50%,75%,95%,max
n_genes_by_counts,5000.0,1733.5452,1615.4690985712625,1.0,422.0,536.0,907.5,2655.75,4970.05,14755.0
total_counts,5000.0,3676.802490234375,5953.98779296875,3.0,517.0,620.0,1190.9999389648438,4841.0,13545.099951171882,207274.015625
pct_counts_mt,5000.0,0.0,0.0,0.0,0.0,0.0,0.0,0.0,0.0,0.0
pct_counts_ribo,5000.0,0.0,0.0,0.0,0.0,0.0,0.0,0.0,0.0,0.0
mean_pct_counts_mt,,0.0,,,,,,,,
mean_pct_counts_ribo,,0.0,,,,,,,,
