,count,mean,std,min,5%,25%,50%,75%,95%,max
n_genes_by_counts,12988.0,2391.5895441946413,2109.3331731309454,1.0,248.0,389.0,2032.5,4070.0,5937.0,13746.0
total_counts,12988.0,6758.82958984375,8919.5478515625,1.0,407.0,588.9999389648438,3480.5,10462.0,21945.549999999996,174268.0
pct_counts_mt,12988.0,0.0,0.0,0.0,0.0,0.0,0.0,0.0,0.0,0.0
pct_counts_ribo,12988.0,0.0,0.0,0.0,0.0,0.0,0.0,0.0,0.0,0.0
mean_pct_counts_mt,,0.0,,,,,,,,
mean_pct_counts_ribo,,0.0,,,,,,,,
