,count,mean,std,min,5%,25%,50%,75%,95%,max
n_genes_by_counts,6883.0,1378.4833648118554,735.2156913999746,318.0,551.0,844.5,1199.0,1727.5,2822.699999999999,5292.0
total_counts,6883.0,954.71630859375,133.00558471679688,546.0986328125,737.4142333984375,856.6878967285156,961.2498779296875,1046.6195068359375,1171.1117553710935,1388.3790283203125
pct_counts_mt,6883.0,0.0,0.0,0.0,0.0,0.0,0.0,0.0,0.0,0.0
pct_counts_ribo,6883.0,0.0,0.0,0.0,0.0,0.0,0.0,0.0,0.0,0.0
mean_pct_counts_mt,,0.0,,,,,,,,
mean_pct_counts_ribo,,0.0,,,,,,,,
