,count,mean,std,min,5%,25%,50%,75%,95%,max
n_genes_by_counts,7690.0,1331.973732119636,684.47404479567,300.0,418.0,733.25,1303.0,1766.0,2588.0,3925.0
total_counts,7690.0,773.87255859375,128.1013641357422,390.9649963378906,571.6494384765625,678.4328155517578,773.0050964355469,873.0749053955078,974.73359375,1269.0345458984375
pct_counts_mt,7690.0,0.0,0.0,0.0,0.0,0.0,0.0,0.0,0.0,0.0
pct_counts_ribo,7690.0,0.0,0.0,0.0,0.0,0.0,0.0,0.0,0.0,0.0
mean_pct_counts_mt,,0.0,,,,,,,,
mean_pct_counts_ribo,,0.0,,,,,,,,
