,count,mean,std,min,5%,25%,50%,75%,95%,max
n_genes_by_counts,4337.0,2907.915840442702,1658.681687534753,2.0,1109.8,1685.0,2535.0,3667.0,6077.799999999999,13310.0
total_counts,4337.0,5521.6474609375,5986.36279296875,6.0,1390.59990234375,2362.0,3971.999755859375,6481.99951171875,14335.99999999998,133135.0
pct_counts_mt,4337.0,0.0,0.0,0.0,0.0,0.0,0.0,0.0,0.0,0.0
pct_counts_ribo,4337.0,0.0,0.0,0.0,0.0,0.0,0.0,0.0,0.0,0.0
mean_pct_counts_mt,,0.0,,,,,,,,
mean_pct_counts_ribo,,0.0,,,,,,,,
