,count,mean,std,min,5%,25%,50%,75%,95%,max
n_genes_by_counts,99907.0,80.79915321248761,205.21074231121025,2.0,6.0,12.0,22.0,51.0,377.0,5222.0
total_counts,99907.0,306.9283142089844,820.3191528320312,5.0,17.0,27.0,49.0,192.0,1493.0,26030.00390625
pct_counts_mt,99907.0,0.0,0.0,0.0,0.0,0.0,0.0,0.0,0.0,0.0
pct_counts_ribo,99907.0,0.0,0.0,0.0,0.0,0.0,0.0,0.0,0.0,0.0
mean_pct_counts_mt,,0.0,,,,,,,,
mean_pct_counts_ribo,,0.0,,,,,,,,
