,count,mean,std,min,5%,25%,50%,75%,95%,max
n_genes_by_counts,100955.0,565.1315932841364,594.7905327983989,7.0,68.0,152.0,385.0,763.0,1659.0,9882.0
total_counts,100955.0,780.9114379882812,1043.53466796875,23.0,70.0,164.0,473.9999694824219,1015.9999389648438,2465.2999267578007,37086.0
pct_counts_mt,100955.0,0.0,0.0,0.0,0.0,0.0,0.0,0.0,0.0,0.0
pct_counts_ribo,100955.0,0.0,0.0,0.0,0.0,0.0,0.0,0.0,0.0,0.0
mean_pct_counts_mt,,0.0,,,,,,,,
mean_pct_counts_ribo,,0.0,,,,,,,,
