,count,mean,std,min,5%,25%,50%,75%,95%,max
n_genes_by_counts,346.0,851.043352601156,360.6549290183752,0.0,373.75,574.5,783.5,1062.25,1571.5,1878.0
total_counts,346.0,1189.1015625,676.0491333007812,0.0,423.23802947998047,650.7492065429688,1016.665771484375,1533.5235595703125,2567.594970703125,3515.522216796875
pct_counts_mt,345.0,0.0,0.0,0.0,0.0,0.0,0.0,0.0,0.0,0.0
pct_counts_ribo,345.0,0.0,0.0,0.0,0.0,0.0,0.0,0.0,0.0,0.0
mean_pct_counts_mt,,0.0,,,,,,,,
mean_pct_counts_ribo,,0.0,,,,,,,,
