,count,mean,std,min,5%,25%,50%,75%,95%,max
n_genes_by_counts,15993.0,2106.0764084286875,1393.4136942329596,3.0,545.0,996.0,1774.0,2869.0,4871.0,10188.0
total_counts,15993.0,3136.365234375,3178.2705078125,5.0,533.0,1045.9998779296875,2123.0,4029.0,9197.999999999998,42908.99609375
pct_counts_mt,15993.0,0.0,0.0,0.0,0.0,0.0,0.0,0.0,0.0,0.0
pct_counts_ribo,15993.0,0.0,0.0,0.0,0.0,0.0,0.0,0.0,0.0,0.0
mean_pct_counts_mt,,0.0,,,,,,,,
mean_pct_counts_ribo,,0.0,,,,,,,,
