,count,mean,std,min,5%,25%,50%,75%,95%,max
n_genes_by_counts,26251.0,169.72503904613157,154.23059388082447,3.0,20.0,59.0,125.0,233.0,468.0,4697.0
total_counts,26251.0,139.4648895263672,145.95664978027344,3.0,15.999995708465576,43.0,92.99999237060547,185.0,415.0,5393.0
pct_counts_mt,26251.0,0.0,0.0,0.0,0.0,0.0,0.0,0.0,0.0,0.0
pct_counts_ribo,26251.0,0.0,0.0,0.0,0.0,0.0,0.0,0.0,0.0,0.0
mean_pct_counts_mt,,0.0,,,,,,,,
mean_pct_counts_ribo,,0.0,,,,,,,,
