,count,mean,std,min,5%,25%,50%,75%,95%,max
n_genes_by_counts,3999.0,2003.9107276819204,1492.9026253935315,1.0,557.0,838.0,1665.0,2645.0,4869.1,11869.0
total_counts,3999.0,3736.97119140625,5576.97607421875,1.0,631.0,1002.0,2288.0,4292.5,11121.499902343749,87834.0
pct_counts_mt,3999.0,0.0,0.0,0.0,0.0,0.0,0.0,0.0,0.0,0.0
pct_counts_ribo,3999.0,0.0,0.0,0.0,0.0,0.0,0.0,0.0,0.0,0.0
mean_pct_counts_mt,,0.0,,,,,,,,
mean_pct_counts_ribo,,0.0,,,,,,,,
