,count,mean,std,min,5%,25%,50%,75%,95%,max
n_genes_by_counts,8999.0,2273.269696632959,1657.926609209672,2.0,729.0,971.0,1745.0,3055.0,5723.300000000001,10693.0
total_counts,8999.0,4208.1650390625,5291.2197265625,5.0,811.0,1114.9999389648438,2309.0,5037.999755859375,14104.1,67982.0
pct_counts_mt,8999.0,0.0,0.0,0.0,0.0,0.0,0.0,0.0,0.0,0.0
pct_counts_ribo,8999.0,0.0,0.0,0.0,0.0,0.0,0.0,0.0,0.0,0.0
mean_pct_counts_mt,,0.0,,,,,,,,
mean_pct_counts_ribo,,0.0,,,,,,,,
