,count,mean,std,min,5%,25%,50%,75%,95%,max
n_genes_by_counts,7499.0,1841.5055340712095,1091.5481184146954,1.0,309.90000000000003,946.5,1806.0,2537.5,3703.0,10030.0
total_counts,7499.0,3979.142822265625,3464.367919921875,1.0,304.8999725341797,1331.4999389648438,3193.0,5663.0,10393.3,47109.99609375
pct_counts_mt,7499.0,0.0,0.0,0.0,0.0,0.0,0.0,0.0,0.0,0.0
pct_counts_ribo,7499.0,0.0,0.0,0.0,0.0,0.0,0.0,0.0,0.0,0.0
mean_pct_counts_mt,,0.0,,,,,,,,
mean_pct_counts_ribo,,0.0,,,,,,,,
