,count,mean,std,min,5%,25%,50%,75%,95%,max
n_genes_by_counts,36076.0,365.865783346269,372.5813483707815,4.0,27.0,103.0,249.0,509.25,1090.0,7330.0
total_counts,36076.0,365.41314697265625,499.9925842285156,3.9999990463256836,21.0,79.99999237060547,207.00000762939453,476.0,1209.25,32195.0
pct_counts_mt,36076.0,0.0,0.0,0.0,0.0,0.0,0.0,0.0,0.0,0.0
pct_counts_ribo,36076.0,0.0,0.0,0.0,0.0,0.0,0.0,0.0,0.0,0.0
mean_pct_counts_mt,,0.0,,,,,,,,
mean_pct_counts_ribo,,0.0,,,,,,,,
