,count,mean,std,min,5%,25%,50%,75%,95%,max
n_genes_by_counts,4185.0,1565.1426523297491,866.4871765973173,326.0,520.2,894.0,1289.0,2164.0,3237.0,4671.0
total_counts,4185.0,949.2332763671875,124.08271789550781,564.2691040039062,727.8789672851562,866.52197265625,954.788330078125,1041.43310546875,1135.097900390625,1316.3387451171875
pct_counts_mt,4185.0,0.0,0.0,0.0,0.0,0.0,0.0,0.0,0.0,0.0
pct_counts_ribo,4185.0,0.0,0.0,0.0,0.0,0.0,0.0,0.0,0.0,0.0
mean_pct_counts_mt,,0.0,,,,,,,,
mean_pct_counts_ribo,,0.0,,,,,,,,
