,count,mean,std,min,5%,25%,50%,75%,95%,max
n_genes_by_counts,4300.0,2286.485348837209,771.0179925541838,2.0,1429.95,1737.75,2160.0,2607.25,3702.0499999999997,8898.0
total_counts,4300.0,3642.301513671875,2031.0511474609375,6.0,1956.95,2455.75,3204.0,4128.25,6798.249536132811,35469.0
pct_counts_mt,4300.0,0.0,0.0,0.0,0.0,0.0,0.0,0.0,0.0,0.0
pct_counts_ribo,4300.0,0.0,0.0,0.0,0.0,0.0,0.0,0.0,0.0,0.0
mean_pct_counts_mt,,0.0,,,,,,,,
mean_pct_counts_ribo,,0.0,,,,,,,,
