,count,mean,std,min,5%,25%,50%,75%,95%,max
n_genes_by_counts,22799.0,140.201982543094,147.59673730289956,2.0,16.0,41.0,92.0,189.0,422.0,4588.0
total_counts,22799.0,108.3111572265625,149.00469970703125,3.0,11.999999046325684,28.999996185302734,63.99998092651367,136.99998474121094,350.9999694824219,10237.0
pct_counts_mt,22799.0,0.0,0.0,0.0,0.0,0.0,0.0,0.0,0.0,0.0
pct_counts_ribo,22799.0,0.0,0.0,0.0,0.0,0.0,0.0,0.0,0.0,0.0
mean_pct_counts_mt,,0.0,,,,,,,,
mean_pct_counts_ribo,,0.0,,,,,,,,
