,count,mean,std,min,5%,25%,50%,75%,95%,max
n_genes_by_counts,3995.0,444.8510638297872,396.7988742620979,1.0,97.0,210.0,319.0,552.5,1199.2999999999997,4996.0
total_counts,3995.0,672.1021118164062,836.4024658203125,1.0,210.0,299.0,425.0,733.4999694824219,1980.199963378905,22866.0
pct_counts_mt,3995.0,0.0,0.0,0.0,0.0,0.0,0.0,0.0,0.0,0.0
pct_counts_ribo,3995.0,0.0,0.0,0.0,0.0,0.0,0.0,0.0,0.0,0.0
mean_pct_counts_mt,,0.0,,,,,,,,
mean_pct_counts_ribo,,0.0,,,,,,,,
