,count,mean,std,min,5%,25%,50%,75%,95%,max
n_genes_by_counts,27424.0,154.19774649941658,143.28730846338934,4.0,19.0,52.0,112.0,212.0,422.84999999999854,3522.0
total_counts,27424.0,121.05261993408203,139.6166534423828,3.0,13.999999046325684,37.0,81.0,159.99998474121094,357.99999542236327,9390.0
pct_counts_mt,27424.0,0.0,0.0,0.0,0.0,0.0,0.0,0.0,0.0,0.0
pct_counts_ribo,27424.0,0.0,0.0,0.0,0.0,0.0,0.0,0.0,0.0,0.0
mean_pct_counts_mt,,0.0,,,,,,,,
mean_pct_counts_ribo,,0.0,,,,,,,,
