,count,mean,std,min,5%,25%,50%,75%,95%,max
n_genes_by_counts,13106.0,2914.0305966732794,1457.416766627431,218.0,1111.0,1705.0,2715.5,3802.75,5626.0,10176.0
total_counts,13106.0,3120.1416015625,659.82568359375,247.72528076171875,2134.684326171875,2612.4220581054688,3202.94970703125,3584.343994140625,4091.158203125,4884.97021484375
pct_counts_mt,13106.0,0.0,0.0,0.0,0.0,0.0,0.0,0.0,0.0,0.0
pct_counts_ribo,13106.0,0.0,0.0,0.0,0.0,0.0,0.0,0.0,0.0,0.0
mean_pct_counts_mt,,0.0,,,,,,,,
mean_pct_counts_ribo,,0.0,,,,,,,,
