,count,mean,std,min,5%,25%,50%,75%,95%,max
n_genes_by_counts,841.0,1389.0820451843044,629.7739100537459,560.0,874.0,982.0,1175.0,1543.0,2647.0,5753.0
total_counts,841.0,1686.3970947265625,1131.8514404296875,791.0,938.0,1066.0,1310.0,1814.0,3650.0,12244.0
pct_counts_mt,841.0,0.0,0.0,0.0,0.0,0.0,0.0,0.0,0.0,0.0
pct_counts_ribo,841.0,0.0,0.0,0.0,0.0,0.0,0.0,0.0,0.0,0.0
mean_pct_counts_mt,,0.0,,,,,,,,
mean_pct_counts_ribo,,0.0,,,,,,,,
