,count,mean,std,min,5%,25%,50%,75%,95%,max
n_genes_by_counts,11000.0,3686.730181818182,1375.319791893362,4.0,1953.0,2868.0,3488.5,4238.25,6038.049999999999,14920.0
total_counts,11000.0,12349.0791015625,11761.27734375,10.0,3789.9999877929686,6660.0,9881.5,14485.5,26567.251855468745,310759.96875
pct_counts_mt,11000.0,0.0,0.0,0.0,0.0,0.0,0.0,0.0,0.0,0.0
pct_counts_ribo,11000.0,0.0,0.0,0.0,0.0,0.0,0.0,0.0,0.0,0.0
mean_pct_counts_mt,,0.0,,,,,,,,
mean_pct_counts_ribo,,0.0,,,,,,,,
