,count,mean,std,min,5%,25%,50%,75%,95%,max
n_genes_by_counts,50704.0,55.60013016724519,129.34612604574156,1.0,1.0,2.0,3.0,26.0,321.0,1637.0
total_counts,50704.0,51.798240661621094,132.12020874023438,0.9999780058860779,1.0,1.999998927116394,2.0000054836273193,21.0,296.0,2378.0
pct_counts_mt,50704.0,0.0,0.0,0.0,0.0,0.0,0.0,0.0,0.0,0.0
pct_counts_ribo,50704.0,0.0,0.0,0.0,0.0,0.0,0.0,0.0,0.0,0.0
mean_pct_counts_mt,,0.0,,,,,,,,
mean_pct_counts_ribo,,0.0,,,,,,,,
