,count,mean,std,min,5%,25%,50%,75%,95%,max
n_genes_by_counts,13479.0,2860.6395875064914,1526.6377227075961,203.0,1113.0,1674.0,2552.0,3653.0,5806.0,11186.0
total_counts,13479.0,3070.3837890625,670.842529296875,254.7044219970703,2116.64599609375,2603.79150390625,3100.272705078125,3537.8189697265625,4115.6659179687485,5162.8642578125
pct_counts_mt,13479.0,0.0,0.0,0.0,0.0,0.0,0.0,0.0,0.0,0.0
pct_counts_ribo,13479.0,0.0,0.0,0.0,0.0,0.0,0.0,0.0,0.0,0.0
mean_pct_counts_mt,,0.0,,,,,,,,
mean_pct_counts_ribo,,0.0,,,,,,,,
