,count,mean,std,min,5%,25%,50%,75%,95%,max
n_genes_by_counts,6228.0,1811.2509633911368,1728.602232712189,1.0,224.35000000000002,480.0,1302.5,2667.5,4894.199999999997,14477.0
total_counts,6228.0,3899.31787109375,7305.38427734375,2.0,323.3499893188477,581.75,1783.5,4702.7498779296875,12623.249999999998,170672.0
pct_counts_mt,6228.0,0.0,0.0,0.0,0.0,0.0,0.0,0.0,0.0,0.0
pct_counts_ribo,6228.0,0.0,0.0,0.0,0.0,0.0,0.0,0.0,0.0,0.0
mean_pct_counts_mt,,0.0,,,,,,,,
mean_pct_counts_ribo,,0.0,,,,,,,,
