,count,mean,std,min,5%,25%,50%,75%,95%,max
n_genes_by_counts,3178.0,2485.9930774071745,916.4408079289279,214.0,1485.0,1878.25,2311.0,2956.75,4201.299999999999,8524.0
total_counts,3178.0,3285.97802734375,638.328369140625,260.9305725097656,2610.470349121094,3046.018798828125,3320.26416015625,3642.193603515625,4098.597021484375,4724.82568359375
pct_counts_mt,3178.0,0.0,0.0,0.0,0.0,0.0,0.0,0.0,0.0,0.0
pct_counts_ribo,3178.0,0.0,0.0,0.0,0.0,0.0,0.0,0.0,0.0,0.0
mean_pct_counts_mt,,0.0,,,,,,,,
mean_pct_counts_ribo,,0.0,,,,,,,,
