,count,mean,std,min,5%,25%,50%,75%,95%,max
n_genes_by_counts,2994.0,622.7060788243153,640.5153526049223,1.0,131.0,169.25,394.5,885.75,1753.5499999999988,8325.0
total_counts,2994.0,764.3052978515625,1186.5118408203125,1.0,121.0,152.0,396.0,1018.9999847412109,2345.6999999999944,31277.0
pct_counts_mt,2994.0,0.0,0.0,0.0,0.0,0.0,0.0,0.0,0.0,0.0
pct_counts_ribo,2994.0,0.0,0.0,0.0,0.0,0.0,0.0,0.0,0.0,0.0
mean_pct_counts_mt,,0.0,,,,,,,,
mean_pct_counts_ribo,,0.0,,,,,,,,
