,count,mean,std,min,5%,25%,50%,75%,95%,max
n_genes_by_counts,17611.0,1098.9549145420476,664.2303671951978,300.0,407.0,621.0,907.0,1375.0,2487.5,4386.0
total_counts,17611.0,845.9193115234375,135.59405517578125,418.94805908203125,628.4208068847656,748.5332946777344,842.6987915039062,940.0160522460938,1077.1517333984375,1309.1759033203125
pct_counts_mt,17611.0,0.0,0.0,0.0,0.0,0.0,0.0,0.0,0.0,0.0
pct_counts_ribo,17611.0,0.0,0.0,0.0,0.0,0.0,0.0,0.0,0.0,0.0
mean_pct_counts_mt,,0.0,,,,,,,,
mean_pct_counts_ribo,,0.0,,,,,,,,
