,count,mean,std,min,5%,25%,50%,75%,95%,max
n_genes_by_counts,19243.0,869.1546536402848,453.42672405063996,4.0,397.1,558.0,755.0,1054.0,1724.0,9393.0
total_counts,19243.0,948.1201171875,745.3870849609375,1.9999990463256836,366.0,544.0,755.0,1131.9999389648438,2128.9999755859376,39436.0
pct_counts_mt,19243.0,0.0,0.0,0.0,0.0,0.0,0.0,0.0,0.0,0.0
pct_counts_ribo,19243.0,0.0,0.0,0.0,0.0,0.0,0.0,0.0,0.0,0.0
mean_pct_counts_mt,,0.0,,,,,,,,
mean_pct_counts_ribo,,0.0,,,,,,,,
