,count,mean,std,min,5%,25%,50%,75%,95%,max
n_genes_by_counts,8944.0,1608.0301878354203,914.1734464647955,302.0,529.0,879.0,1323.0,2200.25,3382.8500000000004,5320.0
total_counts,8944.0,946.2703247070312,124.00348663330078,521.6923217773438,723.9931335449219,863.1285247802734,958.6864624023438,1036.6811218261719,1123.6216369628905,1355.244873046875
pct_counts_mt,8944.0,0.0,0.0,0.0,0.0,0.0,0.0,0.0,0.0,0.0
pct_counts_ribo,8944.0,0.0,0.0,0.0,0.0,0.0,0.0,0.0,0.0,0.0
mean_pct_counts_mt,,0.0,,,,,,,,
mean_pct_counts_ribo,,0.0,,,,,,,,
