,count,mean,std,min,5%,25%,50%,75%,95%,max
n_genes_by_counts,10398.0,1054.0966532025388,721.7242122820634,200.0,480.0,601.0,804.0,1222.0,2465.2999999999993,10234.0
total_counts,10398.0,1345.9539794921875,1605.6138916015625,376.9999694824219,463.0,600.0,849.9999694824219,1434.0000915527344,3786.45020751953,61189.99609375
pct_counts_mt,10398.0,0.0,0.0,0.0,0.0,0.0,0.0,0.0,0.0,0.0
pct_counts_ribo,10398.0,0.0,0.0,0.0,0.0,0.0,0.0,0.0,0.0,0.0
mean_pct_counts_mt,,0.0,,,,,,,,
mean_pct_counts_ribo,,0.0,,,,,,,,
