,count,mean,std,min,5%,25%,50%,75%,95%,max
n_genes_by_counts,8307.0,2456.2860238353196,1664.2358209867525,2.0,377.0,999.5,2362.0,3412.5,5469.7,13474.0
total_counts,8307.0,4743.9892578125,5389.5537109375,3.0,372.9999694824219,1211.5,3752.0,6378.499755859375,12986.7,108431.0078125
pct_counts_mt,8307.0,0.0,0.0,0.0,0.0,0.0,0.0,0.0,0.0,0.0
pct_counts_ribo,8307.0,0.0,0.0,0.0,0.0,0.0,0.0,0.0,0.0,0.0
mean_pct_counts_mt,,0.0,,,,,,,,
mean_pct_counts_ribo,,0.0,,,,,,,,
