,count,mean,std,min,5%,25%,50%,75%,95%,max
n_genes_by_counts,2709.0,3090.514581026209,1116.9323649755413,7.0,1988.4,2329.0,2740.0,3474.0,5440.0,9309.0
total_counts,2709.0,5624.1552734375,3573.770751953125,20.0,3022.4,3588.0,4460.99951171875,6179.0,12369.8,52952.0
pct_counts_mt,2709.0,0.0,0.0,0.0,0.0,0.0,0.0,0.0,0.0,0.0
pct_counts_ribo,2709.0,0.0,0.0,0.0,0.0,0.0,0.0,0.0,0.0,0.0
mean_pct_counts_mt,,0.0,,,,,,,,
mean_pct_counts_ribo,,0.0,,,,,,,,
