,count,mean,std,min,5%,25%,50%,75%,95%,max
n_genes_by_counts,6767.0,629.3088517807005,599.6228483201552,2.0,148.0,292.0,505.0,711.0,1621.199999999999,7815.0
total_counts,6767.0,709.7535400390625,1060.2021484375,3.0,137.0,281.0,502.99993896484375,729.5,1901.9999633789062,23479.0
pct_counts_mt,6767.0,0.0,0.0,0.0,0.0,0.0,0.0,0.0,0.0,0.0
pct_counts_ribo,6767.0,0.0,0.0,0.0,0.0,0.0,0.0,0.0,0.0,0.0
mean_pct_counts_mt,,0.0,,,,,,,,
mean_pct_counts_ribo,,0.0,,,,,,,,
