,count,mean,std,min,5%,25%,50%,75%,95%,max
n_genes_by_counts,5999.0,664.2617102850475,381.01244994726045,2.0,274.90000000000003,382.0,574.0,850.0,1315.199999999999,5975.0
total_counts,5999.0,717.0264892578125,532.2333374023438,2.0,263.0,363.0,575.0,920.4999389648438,1563.1000122070307,13512.0
pct_counts_mt,5999.0,0.0,0.0,0.0,0.0,0.0,0.0,0.0,0.0,0.0
pct_counts_ribo,5999.0,0.0,0.0,0.0,0.0,0.0,0.0,0.0,0.0,0.0
mean_pct_counts_mt,,0.0,,,,,,,,
mean_pct_counts_ribo,,0.0,,,,,,,,
