,count,mean,std,min,5%,25%,50%,75%,95%,max
n_genes_by_counts,11000.0,2413.1433636363636,1130.310441934616,2.0,979.0,1578.0,2220.5,3037.0,4579.0999999999985,11130.0
total_counts,11000.0,4785.19287109375,3848.68994140625,4.0,1221.9999938964843,2227.0,3692.5,6041.5,12199.249999999996,60909.99609375
pct_counts_mt,11000.0,0.0,0.0,0.0,0.0,0.0,0.0,0.0,0.0,0.0
pct_counts_ribo,11000.0,0.0,0.0,0.0,0.0,0.0,0.0,0.0,0.0,0.0
mean_pct_counts_mt,,0.0,,,,,,,,
mean_pct_counts_ribo,,0.0,,,,,,,,
