,count,mean,std,min,5%,25%,50%,75%,95%,max
n_genes_by_counts,3444.0,1939.2950058072008,737.5578577016714,340.0,719.15,1427.75,1907.0,2435.25,3219.85,4351.0
total_counts,3444.0,987.1537475585938,112.58211517333984,256.5181884765625,776.0395050048828,926.9166870117188,1004.154541015625,1066.6067810058594,1139.2985046386718,1248.4844970703125
pct_counts_mt,3444.0,0.0,0.0,0.0,0.0,0.0,0.0,0.0,0.0,0.0
pct_counts_ribo,3444.0,0.0,0.0,0.0,0.0,0.0,0.0,0.0,0.0,0.0
mean_pct_counts_mt,,0.0,,,,,,,,
mean_pct_counts_ribo,,0.0,,,,,,,,
