,count,mean,std,min,5%,25%,50%,75%,95%,max
n_genes_by_counts,3000.0,4292.465333333334,2116.7899013900974,1048.0,2490.9,2822.0,3472.5,4945.5,9076.949999999995,16037.0
total_counts,3000.0,11012.0537109375,15377.82421875,1884.0,3389.95,4054.499755859375,5630.5,11383.499755859375,35484.95371093748,341044.03125
pct_counts_mt,3000.0,0.0,0.0,0.0,0.0,0.0,0.0,0.0,0.0,0.0
pct_counts_ribo,3000.0,0.0,0.0,0.0,0.0,0.0,0.0,0.0,0.0,0.0
mean_pct_counts_mt,,0.0,,,,,,,,
mean_pct_counts_ribo,,0.0,,,,,,,,
