,count,mean,std,min,5%,25%,50%,75%,95%,max
n_genes_by_counts,6000.0,811.2678333333333,767.3847781034729,2.0,167.95,247.0,529.5,1176.5,2153.2000000000007,7712.0
total_counts,6000.0,1118.4188232421875,1997.51220703125,2.0,164.0,237.0,543.9999694824219,1398.5,3220.100012207032,45551.0
pct_counts_mt,6000.0,0.0,0.0,0.0,0.0,0.0,0.0,0.0,0.0,0.0
pct_counts_ribo,6000.0,0.0,0.0,0.0,0.0,0.0,0.0,0.0,0.0,0.0
mean_pct_counts_mt,,0.0,,,,,,,,
mean_pct_counts_ribo,,0.0,,,,,,,,
