,count,mean,std,min,5%,25%,50%,75%,95%,max
n_genes_by_counts,27982.0,628.4489671931956,628.8932714589062,7.0,36.0,166.0,434.0,900.0,1859.0,9338.0
total_counts,27982.0,707.5303955078125,929.4271240234375,6.0,28.999998092651367,140.0,401.99998474121094,945.9999847412109,2332.899999999994,37856.0
pct_counts_mt,27982.0,0.0,0.0,0.0,0.0,0.0,0.0,0.0,0.0,0.0
pct_counts_ribo,27982.0,0.0,0.0,0.0,0.0,0.0,0.0,0.0,0.0,0.0
mean_pct_counts_mt,,0.0,,,,,,,,
mean_pct_counts_ribo,,0.0,,,,,,,,
