,count,mean,std,min,5%,25%,50%,75%,95%,max
n_genes_by_counts,2300.0,1852.74,884.0469522091622,331.0,685.85,1219.75,1679.5,2306.25,3663.199999999999,5040.0
total_counts,2300.0,1039.1488037109375,134.1605224609375,571.8372192382812,808.2836822509765,954.775146484375,1044.0845336914062,1131.0994873046875,1256.2899108886718,1401.1468505859375
pct_counts_mt,2300.0,0.0,0.0,0.0,0.0,0.0,0.0,0.0,0.0,0.0
pct_counts_ribo,2300.0,0.0,0.0,0.0,0.0,0.0,0.0,0.0,0.0,0.0
mean_pct_counts_mt,,0.0,,,,,,,,
mean_pct_counts_ribo,,0.0,,,,,,,,
