,count,mean,std,min,5%,25%,50%,75%,95%,max
n_genes_by_counts,8201.0,2367.4361663211803,1582.0723471336603,1.0,429.0,1283.0,2193.0,3005.0,5340.0,12481.0
total_counts,8201.0,5146.78076171875,5764.5732421875,2.0,510.0,1733.0,3861.0,6336.0,14386.0,96368.0
pct_counts_mt,8201.0,0.0,0.0,0.0,0.0,0.0,0.0,0.0,0.0,0.0
pct_counts_ribo,8201.0,0.0,0.0,0.0,0.0,0.0,0.0,0.0,0.0,0.0
mean_pct_counts_mt,,0.0,,,,,,,,
mean_pct_counts_ribo,,0.0,,,,,,,,
