,count,mean,std,min,5%,25%,50%,75%,95%,max
n_genes_by_counts,10996.0,2788.857766460531,1537.0227721314463,3.0,804.75,1636.0,2597.5,3665.25,5438.0,13746.0
total_counts,10996.0,5814.0986328125,6268.79638671875,6.0,912.9999847412109,2340.75,4483.000244140625,7411.0,14351.749755859375,163413.0
pct_counts_mt,10996.0,0.0,0.0,0.0,0.0,0.0,0.0,0.0,0.0,0.0
pct_counts_ribo,10996.0,0.0,0.0,0.0,0.0,0.0,0.0,0.0,0.0,0.0
mean_pct_counts_mt,,0.0,,,,,,,,
mean_pct_counts_ribo,,0.0,,,,,,,,
