,count,mean,std,min,5%,25%,50%,75%,95%,max
n_genes_by_counts,12998.0,260.3585936297892,257.62583375086064,1.0,57.0,125.0,188.0,308.0,671.1499999999996,5091.0
total_counts,12998.0,431.04046630859375,582.5006713867188,1.0,125.0,182.0,274.0,478.0,1240.1501037597652,18327.0
pct_counts_mt,12998.0,0.0,0.0,0.0,0.0,0.0,0.0,0.0,0.0,0.0
pct_counts_ribo,12998.0,0.0,0.0,0.0,0.0,0.0,0.0,0.0,0.0,0.0
mean_pct_counts_mt,,0.0,,,,,,,,
mean_pct_counts_ribo,,0.0,,,,,,,,
