,count,mean,std,min,5%,25%,50%,75%,95%,max
n_genes_by_counts,7057.0,4049.0252231826557,1729.503255230018,428.0,1767.0,2805.0,3783.0,5034.0,7154.2,12854.0
total_counts,7057.0,3611.508056640625,654.9573974609375,803.5798950195312,2340.239990234375,3275.1796875,3736.277099609375,4067.436279296875,4458.193359375,5421.55859375
pct_counts_mt,7057.0,0.0,0.0,0.0,0.0,0.0,0.0,0.0,0.0,0.0
pct_counts_ribo,7057.0,0.0,0.0,0.0,0.0,0.0,0.0,0.0,0.0,0.0
mean_pct_counts_mt,,0.0,,,,,,,,
mean_pct_counts_ribo,,0.0,,,,,,,,
