,count,mean,std,min,5%,25%,50%,75%,95%,max
n_genes_by_counts,12999.0,188.97384414185706,222.16494524301223,1.0,34.0,77.0,132.0,230.0,524.0,7976.0
total_counts,12999.0,461.6875915527344,817.5401611328125,1.0,123.99999237060547,193.0,275.0,466.9999694824219,1314.0,43843.00390625
pct_counts_mt,12999.0,0.0,0.0,0.0,0.0,0.0,0.0,0.0,0.0,0.0
pct_counts_ribo,12999.0,0.0,0.0,0.0,0.0,0.0,0.0,0.0,0.0,0.0
mean_pct_counts_mt,,0.0,,,,,,,,
mean_pct_counts_ribo,,0.0,,,,,,,,
