,count,mean,std,min,5%,25%,50%,75%,95%,max
n_genes_by_counts,100984.0,334.2476530935594,275.44606200546286,4.0,71.0,124.0,246.0,469.0,871.0,3744.0
total_counts,100984.0,525.029296875,514.0845336914062,32.999996185302734,101.99998474121094,166.0,369.0000305175781,699.0,1483.0,11037.0009765625
pct_counts_mt,100984.0,0.0,0.0,0.0,0.0,0.0,0.0,0.0,0.0,0.0
pct_counts_ribo,100984.0,0.0,0.0,0.0,0.0,0.0,0.0,0.0,0.0,0.0
mean_pct_counts_mt,,0.0,,,,,,,,
mean_pct_counts_ribo,,0.0,,,,,,,,
