,count,mean,std,min,5%,25%,50%,75%,95%,max
n_genes_by_counts,203.0,2034.3497536945813,483.9524778623899,3.0,1610.2,1739.0,1906.0,2190.0,2840.1,5529.0
total_counts,203.0,2611.17724609375,914.4681396484375,5.0,1943.0999877929687,2106.0,2348.0,2850.9998779296875,3968.799755859371,10400.9990234375
pct_counts_mt,203.0,0.0,0.0,0.0,0.0,0.0,0.0,0.0,0.0,0.0
pct_counts_ribo,203.0,0.0,0.0,0.0,0.0,0.0,0.0,0.0,0.0,0.0
mean_pct_counts_mt,,0.0,,,,,,,,
mean_pct_counts_ribo,,0.0,,,,,,,,
