,count,mean,std,min,5%,25%,50%,75%,95%,max
n_genes_by_counts,26087.0,312.4795492007513,390.9122886541424,4.0,21.0,74.0,176.0,386.0,1108.0,4703.0
total_counts,26087.0,344.6236572265625,553.4979858398438,3.0,18.000010108947755,59.999996185302734,146.99998474121094,381.0,1358.700036621091,9912.0
pct_counts_mt,26087.0,0.0,0.0,0.0,0.0,0.0,0.0,0.0,0.0,0.0
pct_counts_ribo,26087.0,0.0,0.0,0.0,0.0,0.0,0.0,0.0,0.0,0.0
mean_pct_counts_mt,,0.0,,,,,,,,
mean_pct_counts_ribo,,0.0,,,,,,,,
