,count,mean,std,min,5%,25%,50%,75%,95%,max
n_genes_by_counts,3282.0,681.2903717245582,557.3403473720725,0.0,79.0,295.0,636.0,909.0,1446.699999999999,7179.0
total_counts,3282.0,1036.8599853515625,1305.58740234375,0.0,81.4458309173584,333.6869659423828,888.8032531738281,1368.6174926757812,2317.2411499023438,28631.46875
pct_counts_mt,3235.0,0.0,0.0,0.0,0.0,0.0,0.0,0.0,0.0,0.0
pct_counts_ribo,3235.0,0.0,0.0,0.0,0.0,0.0,0.0,0.0,0.0,0.0
mean_pct_counts_mt,,0.0,,,,,,,,
mean_pct_counts_ribo,,0.0,,,,,,,,
