,count,mean,std,min,5%,25%,50%,75%,95%,max
n_genes_by_counts,3982.0,630.3917629331994,654.3360356409104,1.0,122.0,176.0,456.5,847.0,1780.699999999999,8226.0
total_counts,3982.0,775.6471557617188,1248.300537109375,1.0,127.0,175.0,461.0,933.9999389648438,2350.6499999999987,27429.998046875
pct_counts_mt,3982.0,0.0,0.0,0.0,0.0,0.0,0.0,0.0,0.0,0.0
pct_counts_ribo,3982.0,0.0,0.0,0.0,0.0,0.0,0.0,0.0,0.0,0.0
mean_pct_counts_mt,,0.0,,,,,,,,
mean_pct_counts_ribo,,0.0,,,,,,,,
