,count,mean,std,min,5%,25%,50%,75%,95%,max
n_genes_by_counts,3935.0,1484.489707750953,808.9232465717749,497.0,551.0,799.0,1248.0,2089.0,3004.899999999999,3940.0
total_counts,3935.0,3643.2802734375,982.6511840820312,1438.6390380859375,2203.8986328125,2793.4879150390625,3565.384521484375,4530.8974609375,5187.614013671875,5807.76806640625
pct_counts_mt,3935.0,0.0,0.0,0.0,0.0,0.0,0.0,0.0,0.0,0.0
pct_counts_ribo,3935.0,0.0,0.0,0.0,0.0,0.0,0.0,0.0,0.0,0.0
mean_pct_counts_mt,,0.0,,,,,,,,
mean_pct_counts_ribo,,0.0,,,,,,,,
