,count,mean,std,min,5%,25%,50%,75%,95%,max
n_genes_by_counts,4680.0,1625.7583333333334,852.4604016684265,498.0,561.0,871.0,1452.0,2266.75,3169.0,3955.0
total_counts,4680.0,3653.28173828125,939.4893188476562,1318.4925537109375,2154.7009521484374,2845.9542846679688,3732.103759765625,4462.787109375,5014.3607421875,5850.29248046875
pct_counts_mt,4680.0,0.0,0.0,0.0,0.0,0.0,0.0,0.0,0.0,0.0
pct_counts_ribo,4680.0,0.0,0.0,0.0,0.0,0.0,0.0,0.0,0.0,0.0
mean_pct_counts_mt,,0.0,,,,,,,,
mean_pct_counts_ribo,,0.0,,,,,,,,
