,count,mean,std,min,5%,25%,50%,75%,95%,max
n_genes_by_counts,5996.0,667.3235490326884,1239.7073950763483,1.0,47.0,77.0,125.0,506.0,2973.0,11340.0
total_counts,5996.0,1703.43017578125,5462.13671875,1.0,71.0,94.0,152.99998474121094,687.0,7605.75,121987.0
pct_counts_mt,5996.0,0.0,0.0,0.0,0.0,0.0,0.0,0.0,0.0,0.0
pct_counts_ribo,5996.0,0.0,0.0,0.0,0.0,0.0,0.0,0.0,0.0,0.0
mean_pct_counts_mt,,0.0,,,,,,,,
mean_pct_counts_ribo,,0.0,,,,,,,,
