,count,mean,std,min,5%,25%,50%,75%,95%,max
n_genes_by_counts,1970.0,938.0477157360406,591.669081015324,299.0,351.0,469.0,751.5,1253.75,2088.6499999999996,4112.0
total_counts,1970.0,775.715576171875,156.24163818359375,373.1587219238281,510.1785354614258,666.1040954589844,777.4292907714844,886.7828979492188,1028.0984497070312,1188.58203125
pct_counts_mt,1970.0,0.0,0.0,0.0,0.0,0.0,0.0,0.0,0.0,0.0
pct_counts_ribo,1970.0,0.0,0.0,0.0,0.0,0.0,0.0,0.0,0.0,0.0
mean_pct_counts_mt,,0.0,,,,,,,,
mean_pct_counts_ribo,,0.0,,,,,,,,
