,count,mean,std,min,5%,25%,50%,75%,95%,max
n_genes_by_counts,5409.0,625.2784248474765,607.0986984336453,1.0,153.0,285.0,462.0,779.0,1574.7999999999984,8803.0
total_counts,5409.0,832.93994140625,1391.39208984375,2.0,189.99999084472657,315.9999694824219,533.9999389648438,921.0,2180.99990234375,41674.0
pct_counts_mt,5409.0,0.0,0.0,0.0,0.0,0.0,0.0,0.0,0.0,0.0
pct_counts_ribo,5409.0,0.0,0.0,0.0,0.0,0.0,0.0,0.0,0.0,0.0
mean_pct_counts_mt,,0.0,,,,,,,,
mean_pct_counts_ribo,,0.0,,,,,,,,
