,count,mean,std,min,5%,25%,50%,75%,95%,max
n_genes_by_counts,759.0,7414.603425559947,1487.0016145331294,5442.0,5994.0,6396.0,6907.0,8073.5,10469.0,15599.0
total_counts,759.0,22714.3828125,16240.5693359375,12398.0,13430.5,14902.5,17429.0,24350.5,47801.99609375002,259242.0
pct_counts_mt,759.0,0.0,0.0,0.0,0.0,0.0,0.0,0.0,0.0,0.0
pct_counts_ribo,759.0,0.0,0.0,0.0,0.0,0.0,0.0,0.0,0.0,0.0
mean_pct_counts_mt,,0.0,,,,,,,,
mean_pct_counts_ribo,,0.0,,,,,,,,
