,count,mean,std,min,5%,25%,50%,75%,95%,max
n_genes_by_counts,2716.0,2485.9329896907216,2435.3252696485183,1.0,253.75,453.0,1614.5,3944.5,7141.25,14691.0
total_counts,2716.0,7013.5859375,12650.9169921875,2.0,357.99999237060547,573.75,2549.5,8782.25,25222.49951171875,207516.0
pct_counts_mt,2716.0,0.0,0.0,0.0,0.0,0.0,0.0,0.0,0.0,0.0
pct_counts_ribo,2716.0,0.0,0.0,0.0,0.0,0.0,0.0,0.0,0.0,0.0
mean_pct_counts_mt,,0.0,,,,,,,,
mean_pct_counts_ribo,,0.0,,,,,,,,
