,count,mean,std,min,5%,25%,50%,75%,95%,max
n_genes_by_counts,2296.0,2763.646777003484,1231.2825250293965,329.0,1312.0,1811.75,2468.0,3557.25,5023.25,10639.0
total_counts,2296.0,2597.97216796875,802.0744018554688,585.093994140625,1264.98828125,1842.3949279785156,2752.0950927734375,3192.4104614257812,3784.4467163085938,4699.41943359375
pct_counts_mt,2296.0,0.0,0.0,0.0,0.0,0.0,0.0,0.0,0.0,0.0
pct_counts_ribo,2296.0,0.0,0.0,0.0,0.0,0.0,0.0,0.0,0.0,0.0
mean_pct_counts_mt,,0.0,,,,,,,,
mean_pct_counts_ribo,,0.0,,,,,,,,
