,count,mean,std,min,5%,25%,50%,75%,95%,max
n_genes_by_counts,4371.0,835.7689315946008,434.2837704509532,300.0,363.0,492.0,715.0,1105.0,1605.0,4044.0
total_counts,4371.0,709.128662109375,112.61223602294922,275.1767272949219,532.4986267089844,632.8909301757812,702.8011474609375,775.1183471679688,898.566650390625,1255.0455322265625
pct_counts_mt,4371.0,0.0,0.0,0.0,0.0,0.0,0.0,0.0,0.0,0.0
pct_counts_ribo,4371.0,0.0,0.0,0.0,0.0,0.0,0.0,0.0,0.0,0.0
mean_pct_counts_mt,,0.0,,,,,,,,
mean_pct_counts_ribo,,0.0,,,,,,,,
