,count,mean,std,min,5%,25%,50%,75%,95%,max
n_genes_by_counts,1999.0,5655.0020010005,1728.4141406032975,10.0,3731.5,4251.0,5187.0,6689.5,9051.1,12990.0
total_counts,1999.0,15273.7490234375,11839.0234375,12.999999046325684,6585.0,7964.5,11049.9990234375,17798.9990234375,37582.899999999994,118483.0078125
pct_counts_mt,1999.0,0.0,0.0,0.0,0.0,0.0,0.0,0.0,0.0,0.0
pct_counts_ribo,1999.0,0.0,0.0,0.0,0.0,0.0,0.0,0.0,0.0,0.0
mean_pct_counts_mt,,0.0,,,,,,,,
mean_pct_counts_ribo,,0.0,,,,,,,,
