,count,mean,std,min,5%,25%,50%,75%,95%,max
n_genes_by_counts,3996.0,712.1534034034034,690.4468421197753,1.0,149.75,242.0,524.5,919.25,1959.25,7266.0
total_counts,3996.0,894.9111328125,1336.6697998046875,1.0,150.74999237060547,240.0,544.0,1036.25,2649.7499389648438,21205.0
pct_counts_mt,3996.0,0.0,0.0,0.0,0.0,0.0,0.0,0.0,0.0,0.0
pct_counts_ribo,3996.0,0.0,0.0,0.0,0.0,0.0,0.0,0.0,0.0,0.0
mean_pct_counts_mt,,0.0,,,,,,,,
mean_pct_counts_ribo,,0.0,,,,,,,,
