,count,mean,std,min,5%,25%,50%,75%,95%,max
n_genes_by_counts,326.0,558.4723926380368,367.62712401618506,204.0,311.5,363.0,437.5,603.75,1206.5,3158.0
total_counts,326.0,1494.8900146484375,491.94696044921875,689.63330078125,1026.8169250488281,1183.7897338867188,1335.6144409179688,1667.6947631835938,2501.2435302734375,3855.874267578125
pct_counts_mt,326.0,0.0,0.0,0.0,0.0,0.0,0.0,0.0,0.0,0.0
pct_counts_ribo,326.0,0.004006010480225086,0.027812592685222626,0.0,0.0,0.0,0.0,0.0,0.0,0.2848379909992218
mean_pct_counts_mt,,0.0,,,,,,,,
mean_pct_counts_ribo,,0.004006010480225086,,,,,,,,
