,count,mean,std,min,5%,25%,50%,75%,95%,max
n_genes_by_counts,3579.0,4029.20871751886,1968.3936709104385,1160.0,1570.0,2539.0,3571.0,5175.5,8084.2,10642.0
total_counts,3579.0,3337.6728515625,515.994873046875,1367.0716552734375,2450.61943359375,2958.0726318359375,3380.174560546875,3755.1163330078125,4084.383349609375,4627.82080078125
pct_counts_mt,3579.0,0.0,0.0,0.0,0.0,0.0,0.0,0.0,0.0,0.0
pct_counts_ribo,3579.0,0.0,0.0,0.0,0.0,0.0,0.0,0.0,0.0,0.0
mean_pct_counts_mt,,0.0,,,,,,,,
mean_pct_counts_ribo,,0.0,,,,,,,,
